# 3D point list with one line of data per point:
#   POINT3D_ID, X, Y, Z, R, G, B, ERROR, TRACK[] as (IMAGE_ID, POINT2D_IDX)
# Number of points: 1647, mean track length: 8.169398907103826
944 3.0825942480562181 -1.7335351369719214 2.4008187799954417 111 59 35 0.23070643041889183 33 36 31 30 26 32 28 81 21 16 27 9 25 6 11 10 9 17 20 9 10 19
1 3.9434100030898498 -2.543426522320309 2.0998555979265268 81 66 54 0.74161297854498676 45 7 48 5 47 5 46 7 44 4 49 6 44 6 50 4 43 5 42 0 41 0
2 4.1053877768599962 -2.4302922279399737 2.040019982386688 114 97 82 0.14217658287511961 45 21 48 13 47 19 44 17 49 14 50 12
1054 3.2457990320816776 -2.3492036781231196 2.1712812582227281 138 104 78 0.46591189665921118 26 132 28 129 23 93 21 99 22 61 27 61 25 51 24 52 13 57 11 41 14 0 8 0 9 0
393 3.4870609456843686 -0.82651313445595176 2.2956668795191075 154 112 87 0.43743398576569459 47 311 46 302 50 303 49 303
3 4.1053877768599962 -2.4302922279399737 2.040019982386688 114 97 82 0.14217658287511961 45 22 48 14 47 20 44 18 49 15 50 13
1064 3.500339589269537 -1.006203498584944 2.5445443621802482 239 187 160 0.23970200509772982 26 287 28 270
387 4.457479170779882 -0.15832548825751902 2.218055953879166 24 22 19 0.42691696056869011 48 176 46 241 49 172 50 168 42 181 41 242 46 309 34 192 38 181 38 214 40 211 36 171 39 161
1463 3.5453607213070071 -1.4210677759165635 2.9588286309980076 82 43 27 0.3607482444081177 9 199 20 228 17 224 16 231 18 232 19 273 12 300 4 267 10 314 15 339 7 312 5 313 3 310 2 316 1 351
4 4.0931377017753832 -2.3969058480321235 2.0089600510745367 109 93 80 0.20841476006969023 45 27 48 17 47 24 46 26 49 23 50 17 43 21 42 13 34 13
5 4.2472603555247428 -2.518960669376205 2.3581864947946314 46 38 31 0.089904955955134508 45 29 48 113 47 23 46 28 44 121 49 119 50 116
948 3.4581584176569908 -0.14346620537229471 2.8516674413558505 219 176 156 1.6609794189394049 35 58 33 61 30 53 26 67 29 49 23 44 28 56 22 49
397 4.0073044743837372 -2.6021453168781497 2.1817080687736587 101 82 67 0.21731955065882552 47 329 46 326 44 294 50 328
1066 3.3032232107563502 -2.4242245574982362 2.2730270269006914 85 64 45 0.81876168510674696 33 246 28 216 29 223 23 125
1457 2.5997392903586394 1.4240736989325726 3.4373496066595584 136 99 73 0.67809447417144109 6 172 9 162 20 176 11 132 16 182 18 177 19 197 12 153 19 144 15 166 18 117 5 111 3 112 2 113
6 3.9838528266750703 -2.3377767217031993 1.9305386329812966 63 45 30 0.11868321450349432 45 32 48 24 47 32 46 32 44 30 49 29 43 24 42 17 41 13 34 16
7 3.9838239509587341 -2.337750422173543 1.9305163963671874 63 45 30 0.12370838238244329 45 33 48 25 47 33 44 31 49 30 43 25 42 18 41 14 34 17
407 3.3911110194125844 -1.7299104672015508 1.8830344170338709 133 94 72 0.08190684868353186 45 354 46 380 43 340
1124 3.4557696267542668 -1.6320331320758168 1.9025772267743779 142 94 68 1.6939978136933178 45 71 48 156 47 165 44 146 50 71 41 109 34 120 38 121 40 102 37 97 32 86 33 31 31 27 29 20 23 19 29 121 23 62 21 21 22 23 25 13 25 59 24 20 13 16
8 3.628939062756205 -2.2988227601758333 1.8588941085170969 126 104 83 0.18494875190433502 45 34 48 30 47 39 46 36 44 34 49 33 50 30 43 107 42 91 41 11 34 102 38 104 40 15 36 90 37 81 39 13 35 72 32 12
9 3.6289148542586935 -2.2988153733180785 1.8586096008895563 126 104 83 0.18372432741890615 45 35 48 31 47 40 46 37 44 35 49 34 50 31 43 108 42 92 41 12 34 103 38 105 40 16 36 91 37 82 39 14 35 73 32 13 33 73 30 73 31 89 26 9
401 4.6521940581022623 -0.9327175154060301 3.0904318209280484 255 255 255 0.62091934138127314 47 355 46 356 44 325 49 301 50 302 43 305 42 318 49 422 41 332 43 377 34 291 38 283
1126 3.2000189144571127 -1.5971011849260213 2.1134938466191744 245 201 173 1.068589246717067 31 265 26 251 28 233 29 259 23 249 22 256 27 263 25 244 24 244 13 227 24 234 11 209 14 200 8 213 9 234
10 3.9686827178893118 -2.3209736063755853 1.9290306549507052 64 47 31 0.27164640694082076 45 36 48 29 47 36 44 33 43 27 41 15 38 18
11 4.0261814768433739 -2.3264265429828987 1.9529075576933832 93 77 64 0.34428289600360001 45 37 48 27 47 37 46 33 42 21 38 21
395 4.5958628067204277 1.4334472913803369 1.9049543193088216 217 162 122 0.86854426030927745 45 282 47 322 46 322 49 321 44 365
1072 3.1279846050176543 -1.3282808770465766 2.2342916890502211 191 141 126 0.66505030171608415 28 106 29 91 23 107 21 114 22 142 21 145
12 4.0261814768433739 -2.3264265429828987 1.9529075576933832 93 77 64 0.34428289600360001 45 38 48 28 47 38 46 34 42 22 38 22
13 3.9963147811528024 -2.3097626069962267 1.926947670142086 77 60 45 0.23191211196825798 45 39 48 32 47 41 46 39 44 36 49 31 50 28 43 111 42 96 41 16 38 109 40 19
956 4.0350860637025718 -1.3038223407910317 2.1832505154670825 238 194 160 0.59635595357367766 32 237 33 222 30 217 31 184 28 145
405 4.0461680657317229 -1.7911609107721989 1.9773574862131289 98 72 53 0.097925032389506617 47 384 46 378 49 379
1074 3.1631088894110708 -1.284288415751498 2.2081895806227445 152 103 94 0.28935744039261507 28 112 29 97 23 111 21 119 22 119 27 134 25 108 24 98 13 103 14 81 8 105 9 105 6 110 20 119 17 118 16 109 18 101 19 116 12 133 4 117 10 138 15 149 7 134 5 133 3 131 2 138 1 158
1465 3.1247695576629733 -1.2837831932043786 2.1755492439626285 85 29 28 0.32650528472392359 6 249 20 251 17 252 16 256 18 253 19 284 12 315 4 276 10 323 15 351 7 329 5 333 3 311 2 331 1 336
14 3.5704153819631719 -2.2838797998810034 1.8605201702425642 119 97 71 0.19876180899782395 45 41 48 35 47 43
15 3.7894683911068174 -2.2644958071149648 1.8609455734295417 141 114 89 0.17297196912370996 45 43 48 37 47 48 46 45 44 46
16 3.9286273659349282 -2.2257738994370908 1.8794630209684891 92 67 48 0.71708599298690723 45 45 48 39 46 49 44 53 49 42 50 37 42 27 38 28 40 27 40 28 36 22 37 19 39 24 35 19 33 22
17 3.9012569034775577 -2.2158600164288376 1.8653659412474997 127 102 81 0.60618592507414648 45 48 48 40 47 54 46 50 44 54 49 43 43 32 42 28 41 23 34 25 38 29 40 29 39 23
896 3.5703254697324915 -0.58064278338724729 2.774987247736318 232 190 148 1.1480833362788501 39 301 35 295 32 281 33 287 30 286 31 297 26 291 28 275 29 289 23 281 21 285
18 4.073797977088927 -2.0834865676907515 1.936217921462692 53 39 25 0.31055703023966508 45 51 48 46 47 60 46 58 50 47
19 4.0737429545142358 -2.0833817389680536 1.9372648282682858 53 39 25 0.33542224145832061 45 52 48 47 47 61 46 59 50 48 34 31
403 2.6108454918893536 1.3988658832238641 3.4491550078351816 137 100 76 0.4584076980365811 45 331 47 362 46 364 44 285 43 314
1080 4.2355068082323868 -1.5124441257460168 2.085917901001856 213 134 107 0.7621974143896848 28 164 29 154 22 82 27 90
1415 2.9134565168985849 1.0208593880807997 3.7582120714426064 80 58 47 0.36723715771461224 8 113 6 122 20 132 17 97 18 39 19 142 12 150 7 152 5 153 3 142 1 167
20 4.1383961801498206 -2.0621383554130523 1.9713172863320163 75 62 49 0.19074854477519179 45 53 48 51 47 63 46 60 44 61 49 55 42 33 34 32 38 43 40 36
21 3.8574093641857377 -2.0090758277892786 1.852118895284256 166 132 110 0.10282810551208282 45 54 48 52 47 64 46 61 44 62 49 56 50 51 43 36 42 34 41 29 34 33 38 41 40 34 36 29 37 28 39 27
900 3.5164774155350531 -0.99156786092637172 2.4363331474897678 230 183 155 0.19572720714564354 39 327 35 316 32 305 33 296 30 296 31 302
1409 3.5043223268694441 -1.7402196374571326 3.0317977340058335 161 101 78 0.087160872360504335 9 37 6 36 20 28
22 3.8574093641857377 -2.0090758277892786 1.852118895284256 166 132 110 0.10282810551208282 45 55 48 53 47 65 46 62 44 63 49 57 50 52 43 37 42 35 41 30 34 34 38 42 40 35 36 30 37 29 39 28
23 3.9714955781160604 -2.0075349420614019 1.8892506680567154 86 63 41 0.14000629155858063 45 56 48 140 47 150 46 146 49 144 50 137 43 38 42 103 34 36 40 37 36 31 37 93 39 29 33 24
487 3.4718393754129302 -0.93090027156527488 2.247919444139951 230 186 157 0.32791055723372486 48 471 44 434 49 480 50 481
1140 4.1301536762755742 1.4861432053021386 2.2051767606254224 77 64 51 1.2408778197966772 35 124 37 128 21 95
24 4.3066634395113059 -2.0383469733787845 2.0968837499926223 41 33 25 0.23126044245327235 45 58 48 141 46 69 49 145 43 39
25 4.1251548105871745 -1.9203552739918612 1.97076802203516 99 80 65 0.11279298196605517 45 61 48 63 47 74 46 71 44 74 49 66 50 59 43 43 42 39 41 36 34 38 38 48 40 45
904 2.5987044352952142 1.4084923863185717 3.4532806572682531 137 100 75 1.6510232609373334 45 332 47 363 46 365 44 286 43 315 42 290 41 321 34 299 38 293 40 275 36 301 37 290 39 284 35 273 45 163 47 197 46 246 44 97 46 317 43 196 32 254 33 272 30 268 31 273 26 263 28 243 29 254 23 245 21 237 22 225 27 237 25 189 24 198 13 189 11 174 14 172 8 165 6 197 7 156 5 154 1 75
481 4.2854031367931213 -2.4542220714969911 2.295250771633417 72 63 55 0.88483550910634268 47 273 44 296 49 371
1142 3.5019105568270548 -1.6658324537001366 3.1191336377249348 206 135 116 1.8328827607194682 23 74 21 115 22 116 27 128 25 103 24 93 13 131 11 116 8 130 6 144
26 4.2440982068806825 -1.9235643997974234 2.0553370101111184 64 53 44 0.19552346162834269 45 62 48 64 47 75 46 72 44 141 49 147 50 141 43 44 42 40 41 38
411 3.3330244853568267 -1.2578620944686578 2.0973490461425284 239 193 166 0.2813816489386336 45 388 48 398 46 413 44 383 49 393 50 394 43 372 42 335 41 330 34 311 38 304 36 291 37 275
29 4.137186327298398 -1.6327087062562426 2.0735519276305476 178 129 113 0.12653377224440063 45 74 48 73 47 88 44 84 49 75 50 74 42 52
485 4.6558613457280487 -1.6416153541001448 3.0242372902878802 255 255 255 0.088269586487633972 48 423 44 381 49 415 50 420
1026 3.1081712098506098 -1.696009771079066 2.4843662144591803 84 59 46 0.4345713893792667 30 31 26 43 28 38 29 75 23 28 22 68 27 21 25 60 14 45 18 87 12 29 4 16 10 122 1 35
30 3.3489388793226396 -1.5817421588233256 2.0841009260169456 221 173 144 0.20381679682950618 45 77 48 77 47 93 46 90 44 86 43 57
31 3.257557851608551 -1.2784446120691075 2.1287444325556573 228 178 161 0.10863017298068298 45 84 48 80 46 95 50 84
32 3.8174294323025055 -2.377184851754115 1.9274893950118677 80 65 51 0.49072759062020027 45 109 48 19 46 23 44 22 50 19 43 18
1084 3.2765060834711548 -1.0856800247933165 2.2039135757984099 211 111 108 0.45738831208185576 35 180 41 235 29 166 21 157 24 138 13 138 11 148 14 113 8 134 9 143 6 151 17 121 16 154
431 3.5005890601491307 -0.9934480924410366 2.4124272460766831 224 178 151 1.3980705991554334 34 376 38 370 40 340 36 346 37 337 39 328 35 317 32 306 33 297 30 297 31 303 41 395
848 4.182286855336514 -1.7477432121873162 2.0641155947373382 71 51 36 0.15458855091637794 36 155 37 144 39 85
33 3.9891778846233086 -2.3739181289068401 1.9544596958743448 96 79 63 0.12298157037797 45 111 48 21 47 133 44 122
34 3.8270305762336436 -2.3547515838770177 1.9077444894226936 107 92 77 0.12944199542332793 45 112 48 116 47 134 46 130 44 124 43 102 42 90 41 86 34 99 38 101 40 94 36 89 39 71
728 3.1574766050270657 -1.2747557723150083 2.1053060815389562 69 13 10 0.2222649402935539 34 261 38 249 40 205 36 203 35 150 39 149 32 147 33 151 30 124 31 120 26 54
425 4.3368606432776442 1.7923679850236423 1.9912034031588774 221 169 135 1.2755160551317251 47 474 46 468 42 369 38 315
35 4.0707390107027033 -2.3413240121496197 1.968348852602265 102 89 75 0.12480242207691537 45 113 48 120 47 135 46 131 44 127 49 124 50 121 42 94 41 91 34 19 38 16
1874 4.4251353245052183 -1.2170888005617153 3.0062770893981527 255 255 255 1.3736241680050096 7 191 2 277 1 269
36 4.0708079637365149 -2.3413372878542158 1.968114935291946 102 89 75 0.13363913201504438 45 114 48 121 47 136 46 132 44 128 49 125 50 122 43 106 42 95 41 92 34 20 38 17
1367 3.8394646707473723 -0.087915508373209633 2.6631179083188976 0 0 0 0.53360267141270679 13 50 26 66 22 51
419 4.672840397856076 -1.4086280023206441 3.0437304797600913 255 255 255 0.47483635130225027 48 424 46 434 45 387 44 382 49 417 42 334
1746 3.5469383395035261 -2.4204550700053744 2.8590870135400697 50 32 18 1.660967972780353 10 4 7 5 5 5 15 4
852 4.1296102108507231 -1.3770043585484493 2.1211196368266303 187 119 92 0.10634903291395016 37 155 39 147 35 148 32 145 33 149 30 120 31 117 26 109 28 111
37 3.9489904519865866 -2.323163304441652 1.9193954752003033 94 77 62 0.29126025177524706 45 115 48 122 47 137 46 133 44 129 49 126 50 123 43 109 42 93 41 90 34 104 40 95 36 12 37 85 39 21
1735 4.3527676064950249 -2.017474514147112 3.1556534602090185 40 23 10 0.91335905074769852 4 154 10 177 15 271 7 250 5 257
38 3.5313808509028881 -2.2053770661836229 1.8271601059494325 156 118 94 0.16370756789599283 45 120 48 133 47 143 46 142 44 134 49 139 50 131 43 116 41 149 34 160 38 150 40 139 36 138 37 134 39 121 35 130 33 133
732 2.877592488323415 1.4496550612825179 3.2019249577009439 8 7 5 0.95204378050575278 34 323 38 312 36 302 37 291 39 292
429 4.3770709378337411 -2.6766474028541025 2.5694594004017937 55 40 25 0.57831797416231234 45 454 46 484 41 368
39 4.3250953309350813 -2.0824130896162587 2.12179648205209 53 45 35 0.14165978333290177 45 125 48 210 46 145 44 186 49 210 50 210 43 121 41 34
40 3.8724125161441241 -1.9707171583157506 1.8621577351255714 129 96 74 0.21488104889202858 45 126 48 143 47 152 46 215 48 212 49 146 50 138 43 122 42 146 41 102 34 113 38 113 40 99 36 99 37 95 32 80 33 78 30 80 31 92 26 20
1028 3.4167209770199007 -1.5509621819432877 1.9950535991403178 183 138 117 0.042686788395923936 31 45 26 45 28 42
439 3.5653390147715238 -2.4301289055514577 1.9873304408295427 83 68 49 0.70499052733808909 47 16 44 14 43 99 42 87 38 100 37 132
856 2.6973563527756403 1.0788151016966647 4.1263892811145855 213 161 124 0.47741900269925663 37 206 39 202 32 217 30 192 31 227 23 189
41 4.0213795919366859 -1.9860165002356542 1.9213132712189305 92 73 55 0.35557391833387025 45 127 48 142 47 151 46 147 44 187 49 60 50 211 43 123 42 104 41 103 34 114 38 114 40 100 37 33 32 25
42 3.883906260104999 -1.8777431340196495 1.8899567553494956 145 110 88 0.16464415781922875 45 128 48 145 47 155 46 152 44 142 49 148 50 142 43 124 42 105 41 106 34 117
43 3.9798889163944393 -1.8735970521721912 1.9266376003283021 146 115 93 0.15909209809293159 45 129 48 65 47 76 46 73 44 143 49 149 50 60 38 51 40 49 39 32 32 28 33 25
1882 2.9697915028313853 -0.022249229267822305 3.498941795258625 146 110 87 1.4277125527010284 19 43 12 59 7 46 2 56 11 37 14 34 6 55 20 46 17 50 16 53 18 37 19 44 19 45 12 60 10 51 7 47
44 4.1293362770048798 -1.8857829562450743 1.9812252396222783 91 72 57 0.16180414330223356 45 130 48 146 47 156 46 153 50 144 43 125 40 50 37 34
1375 3.4498241989153091 -1.1374598620097414 2.0893294391807871 232 188 160 0.25085865357169468 14 112 8 109 9 78 6 82 20 38 17 42
427 3.4721818690763673 -0.97958663553155922 1.8253160536010031 231 187 161 2.0116572349014987 45 456 46 475
1754 3.8225501070985848 -1.9593645873346546 3.145764297638237 45 32 20 0.17236517939516166 12 37 7 77 3 121 2 123 1 147
860 2.8786293383482522 1.3828500854277386 3.5395065744202383 18 12 12 1.8224462266397292 35 247 32 268 35 269 33 270 30 256 31 271 26 261 28 242 29 253 23 254 21 263 22 252 27 272 13 216
45 4.0391570393175247 -1.7011129242292813 1.9967827070377089 105 76 56 0.46022439174615015 45 134 48 153 47 161 46 220 44 194 49 221 50 219 42 47 41 44 38 120 40 101 37 38 39 36
1743 4.4376893783768701 -1.5481888031037736 3.2770104550823564 255 255 255 1.4599287642775243 18 235 4 249 15 315 17 226 16 248 19 276 12 305 7 291 5 299 3 292 1 337
46 4.0462070438544506 -1.666738705723295 2.0100001389378064 95 63 41 0.17677894274491912 45 135 48 155 46 158 44 196 49 222 50 150 43 130 42 106 41 108 34 121 38 58 40 103 36 40 37 98 39 40 31 41
1369 2.8810809595856486 0.63523801210423481 3.6447178184768991 8 4 4 1.7993321454473297 25 43 8 45 5 55
1736 3.7935759050653974 -1.7758061181671407 3.1329939326776688 68 50 31 0.21719649938723853 10 253 15 273 7 251 5 258 1 312
437 4.3121055929465015 -2.7180758205700517 2.5120533193728352 123 92 61 0.34187972626760138 48 105 44 2 49 110
47 3.8976547855406833 -1.6100016110829665 1.9844168197736192 173 134 109 0.18901165465839609 45 137 48 74 47 89 43 53 41 110
48 3.5175373028456045 -1.5904961405198454 1.9233542266852917 98 62 44 0.2184009731496824 45 141 48 75 47 91 46 161 44 148 50 75 37 101 39 90 31 100 26 92 28 90 29 74 21 28 22 71 27 26 25 23 24 28 13 23
1036 4.3914917169979635 -0.37305143427908571 2.4876380499372979 36 31 28 1.0173491630730274 31 188 26 206 28 170 23 186 21 160
447 3.9244315684347177 -2.2437328160978209 1.8840952540118692 113 89 72 0.77704818361000505 47 53 44 49 49 40 50 36 49 41 43 31 38 26 37 16 35 17
928 3.9968883940660587 -2.3432554408205126 1.968766575649965 86 69 53 1.0231907425177462 35 302 32 287 33 273 30 274 31 263
49 3.4755356791091989 -1.5763152345092084 1.9397358717968967 97 64 49 0.15495943205975451 45 142 48 76 47 168 46 162 44 149 49 78 50 76 43 132 42 107 41 112 34 174 38 162 40 150 36 106 37 104 39 135 35 141 32 92 33 90 30 97 31 102 26 96 28 37 29 76 23 30 21 31 22 35 27 29
50 3.4619766314445655 -1.5142907465346473 1.9627468547598421 225 173 140 0.2307577652369788 45 143 48 162 47 170 46 164 44 88 50 80 43 133 42 110 41 117 34 125 38 128 36 115 37 112 39 98 35 101 33 48 30 107 31 49 26 48 28 100 29 84 21 34 22 77 27 81 25 29 24 65 13 30 8 24
1038 3.061467435392609 -1.9043334478810698 2.4103503869564888 221 178 157 1.7141346830013195 31 234 26 213 29 244 23 208
441 3.9128796720954644 -2.375772340849871 1.9361378325681358 116 100 84 0.16722692233329767 48 20 44 23 49 26 43 19 41 8 34 12 40 11 36 88
51 4.2897450709463527 0.85961265070920312 1.9699852104886579 183 121 82 0.27134758748053633 45 161 48 177 47 195 46 183 44 163 49 104 50 94 43 152 42 122 41 134 34 141 38 139 40 133 36 131 37 122 39 113 35 119 32 119 33 125 30 132 31 131 26 123 28 121 29 108 23 90 21 55 22 55 27 51 25 42 24 46 11 38
52 4.1445316634201941 1.4169765616609458 2.1672196085251905 37 31 26 0.50184290804536713 45 166 48 250 47 262 46 319 47 321 44 220 44 290 49 179 50 98 43 154 43 266 42 126 41 140 34 150 38 218 40 135 36 176 37 165 39 164 35 158 32 154 33 159 30 162 31 165 26 158 28 150 29 141 23 91 21 130
1447 3.4292244810170396 -1.8416787979255482 2.9988406966000025 134 64 45 0.094361781039764558 6 104 20 107 17 106 16 100 18 90
435 4.9864711859356099 1.6780529917998284 2.4814159190454559 145 123 97 0.78316083684466642 47 325 44 222 49 251 50 323
932 3.4852301860751922 -2.3817532364739566 1.967074704360213 80 66 48 0.11712833310570497 35 1 33 1 30 0 31 0 28 0 29 1
53 3.6271036763489741 -2.3683478221022907 1.9123934637687259 63 51 33 0.24837730999611432 45 174 48 114 47 131 46 199 49 121 50 119 43 159 42 134 41 143 34 153 40 181 38 226 37 173
1751 4.387597413915282 -1.0567506894647236 3.2778999658160886 75 50 26 0.61195360040102897 10 48 7 44 5 49 3 101 5 100 2 107 1 122
54 4.2599054479394383 -2.3255515880079698 2.1172649923629594 60 52 39 0.14520714221433581 45 177 48 196 47 216 46 201 50 203 42 98
1441 3.3927786909204771 -1.8940359738847392 2.9348965190779612 68 45 28 0.23425904427221178 9 67 20 63 17 70 18 49 19 66 4 61 15 84 7 74 2 79
1744 3.3321410628742081 -2.4336138371885085 2.4704811449173829 137 107 84 0.56098438059760025 4 100 7 0
445 4.2947393991375939 -2.3538796971453548 2.1639704406335687 89 78 64 0.28355758338870618 48 128 44 42 49 37 50 125
55 4.2599054479394383 -2.3255515880079698 2.1172649923629594 60 52 39 0.14520714221433581 45 178 48 197 47 217 46 202 50 204 42 99
56 3.5484683273755775 -2.1839040354616719 1.8144726976675516 199 156 131 0.13920985852144027 45 179 48 204 47 224 46 205 44 181 49 204 50 207 43 162
1044 4.6353145768946558 -0.00040851508771311273 1.9729219293701381 228 182 140 0.95666204967193558 31 298 26 292 28 276 29 281 23 275 22 262 27 270 25 252 24 250
391 4.5734376075604484 -1.1456633015640758 3.0046122412678042 119 93 62 0.41728800497105117 45 261 46 297 44 322 43 184 42 173 41 125 34 187 38 135 40 125 36 69 37 66 39 60
58 3.9335797703540982 -2.2026751093065062 1.8767905039931958 136 109 88 0.25856159136659151 45 181 48 203 47 220 46 204 44 180 49 203
1046 3.3837149437117069 -1.1121406978078685 2.1531967453390877 149 64 59 1.5075249996710429 35 258 32 249 26 240 48 400 46 416 44 387 43 376 38 320 28 227 29 236 23 217 22 217 25 203 24 213 13 202 11 165 14 166 8 182 9 184 6 190 20 156
385 4.0912870479637515 -1.5376349280121393 2.1236396557889128 184 116 87 0.13465515091917743 48 226 46 226 44 203 49 228 50 224
59 4.2490573506654439 -2.2541401350496408 2.0780211539376747 52 44 33 0.18065689489429435 45 182 48 200 47 221 46 206 49 200 50 205
60 4.2490573506654439 -2.2541401350496408 2.0780211539376747 52 44 33 0.18065689489429435 45 183 48 201 47 222 46 207 49 201 50 206
1056 4.0275420551533117 -1.3688297768921807 2.1180016043712642 239 192 159 0.20923898645733885 26 204 28 167 29 160 23 144 21 152 22 149
443 4.0890658070445021 -2.3071488131122577 1.9530187984887792 83 70 56 1.0584250751356332 46 41 44 37 49 35 50 29 50 33 43 29 41 17
940 3.6820293745704009 -2.243049636210281 1.8285670175140325 137 104 77 0.090063243582123559 32 19 33 19 31 20 26 15
61 3.4874454749530752 -2.1213521523562977 1.8316240911938984 206 155 127 0.17076469413666628 45 186 48 137 47 225 46 210 44 137 49 140 50 133 43 163 42 142 41 151 34 161 38 151 40 140 36 141 37 135 39 124 35 78 32 76 33 76 30 75 31 90 26 86 28 74 29 66 23 56 21 63 22 6 27 5
1759 4.6813270052390301 1.5130734697213939 3.7355194276571981 16 14 17 0.28560224069630002 15 123 7 111
62 3.9547481801955975 -2.0922616681852131 1.8779847360329334 107 83 63 0.17272237308038824 45 187 48 205 47 226 46 211 44 183 49 207 43 164 34 110 38 110 37 90 39 79 35 80 32 77
1449 4.3564599788396841 -1.1754796688640827 3.2228364622305734 71 50 33 0.20925457707606862 6 91 20 129 17 128 16 118 18 113 19 132 12 145 4 129 10 153 15 161 7 142 5 143 3 138 2 144 1 162
1752 3.6120684862489045 1.1801291116493151 4.2416315457292528 255 255 255 1.6252229300055721 15 122 7 50 5 205
1058 3.8357646018742066 -2.111650411867767 1.8463325763081451 171 135 109 0.45767794521760402 26 196 28 189 23 94
389 4.4024564924285574 -2.6577253599767063 2.5765304451310271 137 108 86 0.38940301340738487 48 255 46 258 44 230 49 258 50 254 34 154
63 3.9547094172939752 -2.0923360032585583 1.8777826346054538 107 83 63 0.18622271424394973 45 188 48 206 47 227 46 212 44 184 49 208 43 165 34 111 38 111 37 91 39 80 35 81 32 78 30 77
64 3.9847447029992349 -2.0716364135645233 1.8856787006590787 111 88 67 0.17176407900883814 45 189 48 207 47 228 46 213 44 185 49 209 50 209 43 166 42 144 41 155 34 164 38 154 40 141 36 144 37 92 39 82 35 83 30 79
1116 3.9357218250135753 1.6970893663012456 2.1113223445766915 0 0 0 1.6660754291026902 28 255 29 243
463 4.2784670741498658 -2.3647370829468644 2.1508093698606205 64 56 47 0.16889539729516045 48 194 44 130 49 195 50 201
1837 3.2752695355105796 -1.593894072362166 2.0237031310062998 0 0 0 0.37525726744762039 15 270 7 178 10 285
1008 3.1544424300396936 -1.3097962731099324 2.2203092937808115 53 13 7 0.32363437194039474 30 122 31 154 26 175 28 166 29 158 23 143 21 189 22 145 27 189 25 164 24 165 13 164 11 144 14 140 8 158 9 179 6 185 20 186 17 181 16 147 18 190 19 164 12 183 4 158 10 184 15 198 7 185 5 186 3 181 2 186 1 209
65 3.9746995431824992 -1.9444459068360642 1.9061474174989459 124 97 76 0.19180334442360825 45 190 48 214 47 230 46 217 44 190 49 214 50 214 43 168 42 147 41 157 34 167 38 158 40 144 36 149 37 140 39 129 35 85
66 4.2264642502355994 -1.8175673511262231 2.0606905708563694 75 59 46 0.24138214112156897 45 191 48 217 47 233 46 218 44 192 49 217 50 216 41 107 34 118 38 119 36 36 37 37
1118 3.592808217411553 -1.8485150773425354 1.8588931733944012 227 183 156 1.4535194017522262 29 275 23 259 21 256
457 4.3626877816767564 1.8602668712644288 2.0336635613983702 214 159 124 0.12651304267021707 48 99 44 102
67 4.1382564688835188 -1.7799636125810685 2.0191265192109298 74 53 37 0.21877804700404674 45 192 48 218 47 234 46 219 44 193 49 219 50 276 43 169 42 150 41 159 34 169 38 159 40 148 36 153 37 143 39 133 35 89 32 84
68 3.4638174328730011 -1.5364882175197636 1.9566654514722162 172 121 89 0.13677156934783052 45 194 48 220 47 239 46 223 44 199 49 225 50 222 43 176 42 159 41 168 34 177 38 165 40 153 36 159 37 149 39 138 35 143 32 139 33 144 30 148 31 147 26 140 28 133 29 125 23 102 21 107 22 110 27 122 25 95 24 91 13 98 11 90
451 4.4362876326763594 -2.2200210227503336 2.2993195217460514 81 71 58 0.47249860492073015 48 138 44 58 49 142 50 43
1012 3.7670882885640355 -2.4405993301951443 1.9619792410866737 37 28 12 0.16989316542164085 30 229 31 208
69 4.0514400813728493 -1.5466982684149639 2.0894816702218919 191 138 105 0.12871426344502229 45 196 48 221 47 240 46 224 44 200 49 226 43 178 42 162 41 171 34 126 38 129 40 110 36 118 37 114 39 54 35 45 32 44
70 4.0515595565648885 -1.5465798080016879 2.0891493623447928 191 138 105 0.11170636702489428 45 197 48 222 47 241 46 225 44 201 49 227 50 153 43 179 42 163 41 172 34 127 38 130 40 111 39 55 35 46
1130 3.0984239778799627 -1.7224333416741506 2.3545029071736292 177 129 109 0.13331237573320895 23 12 21 14 22 15 13 11 14 11 20 12 18 11
461 4.2200431204240036 -2.5829134242720744 2.3492691986647625 89 69 47 0.13512369176433364 48 7 44 115 49 114 50 110
71 3.417351925879287 -1.1157376912861858 2.1341917813959141 139 71 58 0.26127385978281897 45 202 48 232 47 247 46 293 43 243 42 223 41 233 34 222 38 209 40 207 36 205 39 193 35 179 32 176 33 183 30 186 31 186 26 179 29 165 23 148 21 156 22 152 25 134 24 137
72 3.4165818181877952 -1.1151722477775701 2.1290459321632276 139 71 58 0.12496495461363163 45 203 48 233 47 248 46 294 50 159 43 244 42 224 41 234
471 4.5952808595415586 -1.269974539711322 2.9803024346749143 36 25 10 1.2793736226899146 45 149 46 228 44 207 49 292 41 61
1188 3.4000265644215024 -2.2032648291632153 1.9202894412125482 237 188 161 0.37708968015584832 21 254 22 243 27 240 25 222
1845 3.2866623226015017 -1.8651054329237822 1.8387048395708039 255 255 255 1.7668103460398885 7 353 3 344 1 366
74 4.1257733397567176 1.4008149799157701 2.1768549992677904 104 98 90 0.2283921732198313 45 220 48 249 47 260 46 252 44 219 49 248 50 247 43 199 42 184 41 195 34 149 38 141 40 134 36 132 37 125 39 117 32 60
465 4.077384577595919 -1.9746815265445874 1.9472941632328316 106 86 70 1.5073957659329069 47 153 44 139 50 269 42 197 41 104 41 207 38 115
1190 3.2052139994050828 -1.2674859350840493 2.1322082272202425 228 178 164 0.48840109276808208 29 135 21 120 22 121 45 255 48 229 47 242 46 289 44 205 49 233 50 155 43 239 42 220 41 229 34 221 38 208 40 206 36 204 37 194 39 190 35 177 32 175 33 182 30 183 31 183 26 176 29 161 21 151 27 96 27 159 25 79 25 131 24 38
76 4.1935118315457682 -2.1672941671721349 2.0040819774640259 78 68 57 0.15275605646014181 45 227 48 265 47 279 46 264 44 237 49 267 50 262 43 210 41 153
1535 3.2080197080437873 -1.1196940563343685 2.2722943412803676 101 10 8 1.6450241403510575 26 116 23 84 13 43 9 44 6 46 16 42 32 48 31 59 26 117 23 85 21 89 22 92 27 138 25 82 24 101 13 81 11 63 14 60 8 74 9 109 6 81 20 79 17 88 18 26 18 62 19 79 12 100 4 36 4 81 10 86 15 106 7 38 2 50
77 3.8900159657656022 -2.1155608707232756 1.8605127344596228 118 89 66 0.14713803512445064 45 228 48 267 47 280 46 265 50 263 43 209 42 192 41 201 34 163 34 199 38 152 40 183 36 142 37 137 39 127 35 134
78 3.7722281686131169 -2.002876932618904 1.8355237126063568 194 155 129 0.20710037986094199 45 229 48 270 47 281 46 267 44 240 49 268 50 264 43 211 42 194 41 204 34 201 38 192 40 184 36 183 37 176 39 171 35 135 39 128 32 132 33 135 30 140 31 141 26 133 28 19 23 59
1529 4.3711020427561067 -0.15200642133553924 2.2497685868259327 10 9 5 0.078363709574194113 20 234 16 239
1138 3.3911690262617942 -1.540630287412893 2.0332605091305802 178 126 98 0.1535798545728895 30 106 21 77 25 70 13 73 11 28 14 22 8 23 9 30 20 25
469 4.1187083945488858 1.7792262272250963 2.2326766944774512 41 34 24 1.294582988039134 46 193 44 166 42 245 46 368 34 301 39 250 32 192 30 244 31 202 28 215 29 205 23 244 21 217 21 249 22 223 27 235
79 4.0844571058387267 -2.0188074841148858 1.9466037599731898 55 41 26 0.28986929334103595 45 230 48 271 47 282 46 268 44 242 49 269 50 265 43 213 42 195 41 205 34 202 38 155 38 193 40 185 36 146 37 138 35 136
80 4.0585362791790818 -1.9928066796801269 1.9355933763579336 65 47 33 0.15702719439993826 45 231 48 272 47 283 46 269 44 243 49 270 50 266 43 214 42 196 41 206 34 166 38 157 40 143 36 148 37 139 35 84 30 20
960 4.5470781595489314 0.70644519961702679 1.7775119440568936 224 181 137 0.97375457259184861 35 283 33 254 30 251
81 4.2727830176175612 -1.9835251056546099 2.0745756676934932 39 30 21 0.34824542723898166 45 232 48 273 47 231 44 244 49 271 50 270 42 148 34 115 38 117 40 41 36 34
1318 3.3003658635177628 -2.4198506764605829 2.5372345798550615 146 116 93 0.1828847733931748 13 2 11 42 24 2 14 2 8 2
82 4.2727830176175612 -1.9835251056546099 2.0745756676934932 39 30 21 0.34824542723898166 45 233 48 274 47 232 44 245 49 272 50 271 42 149 34 116 38 118 40 42 36 35
1827 4.1905904526928683 -1.8691946710250396 3.1367609417300617 16 7 2 0.82809905118933891 5 128 3 126 2 126 1 203
473 4.2506688946435691 -2.769684185197355 2.4443936726185127 175 144 101 0.105588378114589 48 251 44 225 50 184
1198 3.132209322359472 -1.646639712294927 2.3389374656204369 83 66 51 0.056738295564275537 22 70 27 75
83 3.9994805976265639 -1.93322029378175 1.917370190025018 99 75 56 0.20169807919692664 45 234 48 275 47 284 46 272 44 246 49 273 50 273 43 215 42 198 41 208 34 203 38 194 40 146 40 186 36 151 37 142 39 131 35 137 32 133 33 136 30 85
805 4.4574671017404537 -0.19260157073534623 2.2247626498849598 52 50 51 0.23568964075025645 38 180 40 169 36 129 47 193 43 149 37 164 39 160 35 117 33 122 30 130 31 128 26 63
84 4.1418253867783204 -1.8184998926639842 2.0117717827292942 92 71 55 0.1158351337051516 45 236 48 333 47 339 46 273 44 306 49 342 50 345 43 219 42 200 41 210 34 205 38 196 40 188
1479 3.509107542039394 -0.88848095967374108 2.5621776918243113 144 106 79 0.71174961121848246 20 43 17 47 16 49 18 68 19 83 16 83 12 144 10 152 15 209 7 143 5 144 3 187 2 103 1 119 1 216
1144 3.2637637702802831 -1.0413416145279502 2.2182352540242136 183 106 93 0.2002315812771249 31 187 21 158 22 153 27 190 24 139 13 140 11 120 14 114
467 3.3336069761472351 -1.3202667142244919 2.1022244389706901 232 182 157 0.44902811793021047 45 146 44 153 49 83 50 83
964 3.2386921149852648 -1.0389219179017435 2.2606421792614748 148 84 70 0.31506913123969149 37 237 39 236 32 209 33 185 34 73 38 80 40 126 36 124 37 162 39 155 35 155 30 188 31 222 26 181 28 169 29 201 23 150 21 192 22 154 27 191 25 168 24 170 13 167 11 149 14 143 8 161 9 185 6 191 20 190 17 188 16 194
85 3.5665884096660725 -1.7261349246641307 1.8504444454077835 220 179 153 0.65488043749128355 45 237 48 279 38 199 39 174 35 139 32 136 33 139 30 87 31 94 26 23 21 11
86 4.0953618035936117 -1.7483092213301972 2.0052627211332323 84 59 43 0.17131931168131601 45 238 48 280 47 286 46 274 44 249 49 278 50 280 43 220 42 202 41 214 34 210 38 201 40 192 36 188 37 181 35 140 32 137 33 141 30 145 31 95
1473 4.1122383526658481 -0.19999970359941766 2.6338660192414851 161 128 100 0.99733190546186135 8 238 9 264 6 279 20 277 6 282
1146 2.9002949385882011 1.2402184231408515 3.7284872526667061 54 41 33 0.72440835601806097 23 162 21 168 22 191 27 195 25 185 24 195 11 191 10 279 15 296 7 271 5 243 3 245 2 210
477 4.1552544977291355 -1.7608151087102617 2.0323541410880659 91 69 54 0.25758966049425025 48 277 44 248 49 276 50 278 43 171 34 170 38 160 40 149 36 154 32 85 33 29
87 4.2577142686332401 -1.7724611946365281 2.1346299278945788 106 85 70 0.37265519604915481 45 239 48 278 47 287 46 275 44 250 49 277 50 279 43 221 42 203 41 215 34 211 38 202 40 193 36 156 37 145 39 134 35 92 33 34
1316 3.2411899921742688 -1.0865191341403104 2.5723723345110776 193 150 132 0.21116594131476449 13 47 11 35 14 30 8 38 9 49 6 49 20 41 17 45 16 46 18 31 19 35 4 38 2 51 1 65
88 4.2265627578376161 -1.7520361378484119 2.1085679166491254 117 93 76 0.18725820396395529 45 240 48 281 47 288 46 276 44 251 43 222 42 204 41 160 34 171 36 101
89 4.1789374947442575 -1.6436318171054307 2.0457880929503074 166 89 60 0.19201381586189356 45 242 48 284 47 290 46 277 44 253 49 280 50 282 43 224 42 266 41 269 34 212 38 239 40 196 36 239 37 228 39 179 35 200 32 200
1326 3.4838756010863534 -2.3980583096271229 2.8479423476746462 75 58 43 0.2633681057497208 13 116 11 138
90 4.1789159605577613 -1.6441540185621124 2.0484055360088158 166 89 60 0.18187470626674629 45 243 48 285 47 291 46 278 44 254 49 281 50 283 43 225 42 267 34 213 40 197 39 180
1835 3.2397527647772502 1.7472241887563167 2.6133076485860167 8 7 6 1.1143562028278755 5 282 3 213
91 4.1185919326632341 -1.6179718012779656 2.065079841647381 119 47 32 0.67170660703132345 45 244 48 339 47 292 46 280 44 311 49 347 50 349 43 226 42 207 41 163 39 137 32 96 33 100 30 108
813 3.5179640333880982 -1.5901129798373796 1.9236107501945017 97 60 40 0.20760950239555981 45 140 37 100 39 89 31 99 26 91
92 4.1180524857370422 -1.6200341299352023 2.0637127817923187 119 47 32 0.12187332884346362 45 245 48 340 47 293 46 281 43 227 42 208 41 164
1487 3.4475154619837887 -1.8099508138591429 2.9734852978014636 104 39 24 0.18459033051891896 20 143 17 145 16 187 18 185 19 212 12 225 4 195 10 224 15 239 7 245 5 254 3 255 2 262 1 286
1088 3.4867751618357867 -1.5124423097206021 3.0409556390348791 196 136 121 0.55209439703985108 28 224 29 234 23 215 21 226 22 233 27 225 25 201 24 210 13 199 11 184 14 182 8 194
475 4.5000600059911058 -2.2484584404593724 2.4440889184824552 42 37 33 0.438849332744013 48 268 44 239 49 336 50 339
972 3.0583051135637231 -0.14467778673534759 3.5389157319074092 24 16 11 1.0275508024227393 32 54 30 56
93 4.1333775518968423 -1.3784127373210775 2.1266556771836536 185 118 91 0.074682370573971452 45 250 48 292 47 299 46 285 44 259 49 289 50 292 43 234 42 213 41 223 38 167 40 159 36 163
94 4.1333803757733261 -1.3785402997400065 2.1267527858742148 185 118 91 0.065579046179838507 45 251 48 293 47 300 46 286 44 260 43 235 42 214 41 224 38 168 40 160 36 164
1481 2.5900577268054308 1.4229941896981848 3.4265380373370595 136 97 71 0.52973269516657795 6 126 9 119 11 102 17 56
95 3.2311108625857767 -1.2930810516578153 2.1233741390110494 91 52 42 0.36559864596834041 45 253 48 294 47 302 46 287 44 262 49 231 50 228 43 236 42 217 41 227 34 218 38 206 40 203 36 199 37 233 39 230 35 206 32 205 33 220 30 215 31 218 26 202 28 195 29 199 23 141 21 149 22 146 27 130 25 106 24 70 13 38 11 33
1324 3.461735483860803 -1.5296467815839174 3.039567757195115 210 149 130 0.13566488089126921 13 106 11 95 14 83 8 106 9 106
96 3.2311054242594763 -1.293932355271735 2.1243009560641366 91 52 42 0.26020982197455 45 254 48 295 47 303 46 288 44 263 49 232 50 229 43 237 42 218 41 228 34 219 38 207 40 204 36 200 37 234 39 231 35 207 32 206 33 221 30 216 31 219 26 203 28 196 29 200 23 142 21 150 22 147 27 131
1148 3.2146534036711323 -1.3744375125280999 2.0693652772943523 212 156 134 0.15889259900915276 23 199 21 187 22 184 27 155 25 125
495 4.0696397266535058 1.7136049115137995 2.2207254047577747 27 22 17 1.6013946947089293 45 464 48 489 47 488 46 495 44 439 48 479 47 471 50 486 50 505 43 442 42 396 41 381 34 372 38 368 40 337 36 348 37 332 39 314 35 311 32 294 33 289 30 294 31 286 26 281 28 278 23 265
912 4.1584327885371213 -1.3724515974651146 2.1231708083515151 233 173 147 0.29937914628527701 35 107 32 104 33 111 30 121 31 118 26 55
98 4.0221258588522542 -1.2541675492224742 2.2198647134686817 137 101 75 0.90683835410794678 45 256 48 349 46 351 44 318 41 230
99 3.2582287027864774 -1.0923502959847111 2.2789647309697876 210 111 107 1.1606928341035561 45 260 48 234 47 309 46 296 44 210 44 267 49 238 50 237 43 246 42 226 34 265 38 252 40 241 36 247 39 235 35 212 30 219 31 221
100 4.0638219072066128 -2.3945335052545946 1.9858497289153467 83 68 54 0.31377355176214367 45 290 48 327 47 330 46 327 44 295 49 331 50 332 43 274 42 252 41 257
1431 3.3505378092960774 -1.7296104570318831 1.9076357596921185 117 81 59 0.6037106847420638 9 233 6 241 20 220 17 216 16 224 18 224 12 251 4 216 10 250 15 241 7 227 5 174 3 170
916 3.1151514726859078 -1.6160145901305862 2.406646974286073 174 124 92 0.25969895160658568 35 174 32 169 33 177 30 179 31 179 26 169 29 153 23 134 21 141 22 138 27 153 24 125 13 123 11 88 27 119 14 74 8 96 9 96 6 103 20 105 17 105 16 101 18 91 19 108 12 123 4 112 10 70 15 94 7 83 5 80 3 76 2 33 1 45
101 3.4952509733113026 -2.2031336098019487 1.842541912394545 165 124 100 0.15737457777798519 45 294 48 328 47 331 46 330 44 298 49 334 50 335 43 279 42 255 41 259 34 246 38 228 40 226 36 231 37 219 39 215
102 3.5298710880406379 -2.1702356488794603 1.8161820653820815 211 162 138 0.62632906568012947 45 295 48 329 47 333 46 332 44 299 49 335 50 337 43 280 42 297 41 296 34 275 38 267 40 249 36 252 37 250 39 253 35 229 32 228 33 232 30 230 31 230 26 210 28 199 29 206 23 172 21 179 22 131 25 89 24 54
1425 3.6877649200514604 -1.626760391043518 1.8779494289463763 0 0 0 0.15835430059831923 9 191 11 200
1034 3.1258545997252742 -1.4160827410095258 2.2076690342416576 188 137 118 0.43142028997974025 31 215 26 200 28 206 29 233 23 214 21 225 22 215 27 224 25 198 24 209
493 4.7672142067505021 1.5908090585435439 3.4879465252728434 0 0 0 1.2921628606049929 47 485 48 485
103 3.8984376187438889 -1.951631084308709 1.8737028904065811 153 121 99 0.14477765049500949 45 296 48 330 47 336 46 335 44 302 49 339 50 342 43 283 42 258 41 262 34 250 38 232 36 233
104 4.030553425620349 -1.9208382867432725 1.9303524717480958 117 92 74 0.25076131155259845 45 297 48 332 47 338 46 337 44 304 49 341 50 344 43 217 42 199 41 209 34 204 38 195 40 187 36 184 37 177 39 173 35 164 32 135 33 138 30 143
1092 3.3327895424853411 -0.98126228656926784 2.3997074671266216 236 184 158 2.1945012812675828 28 271 29 277 23 271 21 274 22 267 27 276 25 255 24 256 13 251 11 238 14 221 8 237 8 243 9 263 6 278 20 272
503 4.5426737950558529 -0.69581161561618732 3.1484015696826151 82 59 39 0.3306123763505634 48 90 49 94 50 87 38 81
920 2.7874097341449837 1.2654280198882335 3.0618540564728565 29 26 26 0.24506956035567123 35 222 32 219 33 230 30 228 31 249 26 230 29 219 23 204
105 4.0966495732339165 -1.7842341394363235 1.9980904762261096 108 84 68 0.10617289857520784 45 298 48 334 47 340 46 340 44 307 49 343 50 346 43 286 42 260 41 211 34 206 38 197 40 189 36 185 37 178 39 175 35 167
106 4.0962943464437753 -1.7840365797380997 1.9962334102355004 108 84 68 0.16598909961883998 45 299 48 335 47 341 46 341 44 308 43 287 42 261 41 212 34 207 38 198 40 190 36 186 37 179 39 176 35 168 33 140 30 144 31 144
1094 3.4922549267680245 -1.6972484179676208 3.1170276801723493 199 128 107 1.8350585732103331 29 36 23 38 21 39 29 39 27 88 25 73 24 92 13 99 14 78 9 135
497 3.7818243442455977 -2.4004260922512657 1.933921762148151 59 46 35 0.33391583900612853 46 21 49 19 34 8
107 4.2207708319353099 -1.7837944854994698 2.081399155109398 64 49 36 0.15126677373408465 45 300 48 388 47 386 46 342 44 350 49 381 50 384 43 288 42 262 41 264 34 209 38 200 40 191
108 4.0327593090826532 -1.7352296438962214 1.9856244422106539 141 111 90 0.18140078271818638 45 301 48 390 47 388 46 382 44 352 49 383 50 386 43 289 42 263 41 266 34 253 38 235 40 229 36 237 37 223 39 218 35 169 32 163 33 171 31 145 26 137 28 86 29 25
1439 3.2843043102194405 -2.3274615697930017 2.6873922019035423 78 57 39 0.1981724949488263 9 59 20 52 18 79 12 116 15 128 10 107 7 57 5 113 3 114 2 115 1 135
924 3.1406834719667356 -1.2881786892662321 2.1773759730803044 156 99 92 0.65923646657889101 30 277 22 249 25 239 24 237 13 230 11 212 14 202 8 215 9 245 6 250 20 252 17 253 16 257
109 4.0656679305972876 -1.5774474449345945 2.0725900961442223 227 184 153 1.1747857265062382 45 306 48 392 47 391 46 385 44 355 49 385 50 388 43 342 42 271 42 306 41 309 34 255 38 241 40 234 36 195 39 141 35 144 32 141 26 49
110 4.1129256336275057 -1.5553749038171993 2.0996941682766046 120 48 27 0.69555811298125725 45 307 48 342 47 343 46 343 49 285 50 289 43 294 42 273 41 271 34 257 38 243 40 236 36 242 37 229 39 224 35 201 32 201 33 218 30 212 31 214 26 199 28 192 29 197 23 138 21 144 22 140
1433 3.4457465622286616 -1.5492664251086581 2.950880051033097 220 167 143 0.30412294501082571 8 131 9 138 6 145 29 96 23 110 21 118 22 120 27 135 20 148 17 150 18 143 19 163 12 181 10 182 15 196 7 184 5 184 3 178 2 180 1 262
1042 4.1986757554498801 -1.2302696982914674 2.2828327865848044 255 255 255 0.45082786917759476 33 286 26 279
501 4.2636276001810725 -1.8663244477877332 2.0774419544896325 52 40 29 0.070851195507034392 44 75 49 67 50 62
111 4.0883368091086254 -1.3968116375446944 2.1404658983545977 240 179 151 0.15123874978637949 45 308 48 343 47 345 46 345 44 313 49 350 50 353 43 296
112 4.1650683201330931 -1.3347571915894076 2.3200174028427498 140 112 87 1.0308637045346234 45 310 48 344 46 346 43 298 42 216 41 226
511 3.9313775320332645 -2.1466111852030156 1.8735079257470741 97 71 52 0.19057338595514703 46 209 49 205 42 141 37 136 39 125 35 133 32 131 33 134 30 139
992 3.6003831569829661 -0.83156452406230041 2.570665554541697 112 79 56 1.6822209227422271 32 291 30 285 31 296 26 290 28 273 29 279 23 273 21 276 22 269 27 278
113 3.2993398192759593 -1.297970356532981 2.1175021397149028 176 114 96 0.30666894756259772 45 311 48 345 47 347 46 348 44 261 49 291 50 293 43 299 42 275 41 274 34 259 38 248 40 239 36 245 37 190 39 186 35 176 32 174 33 181 30 182 31 153 26 144 28 142
114 4.2114967053229844 -1.3239018926006385 2.4034613698205169 139 115 86 0.21475828202942765 45 313 48 425 47 398 46 349 44 359 49 418 50 422 43 238 42 219
1102 3.1687652987615982 -1.3403655340352905 2.2976279663558667 165 115 93 0.22825266245312184 29 134 23 140 21 146 22 187 27 188 25 163 24 164 13 182 11 163 14 162 8 179 9 196 6 212 20 207 17 204 16 210 18 208 19 233 12 260 4 222 10 260 15 277 7 256 5 266 3 265 2 240 1 264
505 4.3111267400714333 -2.49428065487067 2.4151975515732587 95 77 61 0.13035920527939465 44 29 48 117 49 123 50 197
115 3.1542772584847958 -1.2761561948382258 2.1161020251668954 71 14 11 0.2889522774856198 45 314 48 347 47 348 46 389 44 316 49 390 50 357 43 301 42 276 41 275 34 260
116 3.383263678700422 -0.85035363678363107 2.2316770886483801 230 178 154 0.29829137403166206 45 322 48 237 47 356 46 357 44 271 49 240 50 163 43 306 42 279 42 320 34 292 38 284
1511 3.2915135923634682 -0.45847298610352166 3.678996256211057 224 175 144 0.5406170687218933 6 119 16 121 19 183 12 244 4 178 10 275
996 4.4287247958510534 1.4640344386899371 1.9686019258063858 218 218 218 1.2603474087265396 45 370 48 319 47 366 46 321 44 338 50 373 43 386 46 423 34 239 38 259 36 221 37 211 29 176 28 180 23 188 21 128 22 163 27 169 25 144 24 110
117 4.0857205918061581 0.60403943478436617 1.997046661555884 27 19 17 0.36284277566838585 45 328 48 364 47 359 46 361 44 331 49 366 50 368 43 311 42 285 41 288 34 269 38 254 40 245 37 243 39 240 35 217 32 211 33 227
118 4.2151593320699288 0.6541481505911777 1.9885933434555474 189 143 100 0.17918894828273327 45 329 48 367 47 360 46 362 44 333 49 316 50 369 43 312 42 286 41 289 34 295 38 288 40 268 36 249 37 244 39 241 35 218 32 212 33 228 30 224 31 225 26 207 28 173 29 169 23 156 21 124 13 53
1505 3.4098839286285521 -2.0566418704631961 2.9290935396535041 66 50 36 0.36136053533519724 17 18 16 17 18 44 19 64 12 77 4 59 10 64 7 69 5 70 3 65 2 14 1 85
1050 3.0639579644279422 -1.7696452602398385 2.4765254334804272 197 156 137 0.2838813100351984 26 29 28 22 23 98
509 4.8335391365567855 -0.12450790886056115 2.4686598858109683 147 118 93 0.048102810727775905 48 96 49 173
120 3.5892508296750165 -2.2590395402107726 1.8444565838796225 120 93 70 0.15340822391617184 45 340 48 378 47 371 46 373 44 343 49 372 50 334 43 327 42 295 41 295 34 274
1108 3.4863796782843184 -1.8617602494943992 3.0687449116819412 158 82 61 0.68114623477379344 29 194 23 179 21 183 22 200 27 202 25 178 24 184 13 178 11 159 14 158 8 173 9 174 6 139
455 4.5847847823615702 -1.8314186639762724 2.9021995051630909 97 81 59 0.59756625558049004 48 154 44 82 49 156 50 149 50 220
1829 3.7737270165315144 -2.0150030676050292 3.1187087894344838 56 40 26 0.43146781605492607 7 171 3 162 1 194
1000 3.220042245052301 -2.3523664342119592 2.2927637368034337 172 130 104 1.1418721913254126 34 27 31 19
121 4.150182453936317 -2.1721728572846151 1.9706880756237184 48 35 25 0.13779164309714159 45 343 48 413 47 412 46 401 44 370 49 404 50 411 43 331 42 298 41 298 34 277 38 270
122 4.3078253135264344 -2.1285063718525921 2.1045167214849747 93 81 68 0.68692012057439811 45 344 48 380 47 376 46 404 47 414 44 345 44 371 49 406 43 332 42 299 41 299 34 248 38 191 40 142 36 28
1110 3.4880770190492498 -0.87604300195260976 2.2255851684582386 226 177 150 0.22656225551709638 29 216 23 185 21 194
449 4.2791017604681389 -2.2111050851161447 2.0874933345647353 53 43 35 0.067622260394999453 45 49 44 56 49 50 50 132
123 4.3081732699119062 -2.1217502755989988 2.0966827242330583 93 81 68 0.3218099879729121 45 345 48 381 47 377 44 346 49 374 50 377
124 3.8205232594510377 -2.0070352052167313 1.8453070002347127 129 92 69 0.092875676727788042 45 346 48 382 47 379 46 334 44 301 49 338 50 378 43 282 42 257 41 261 34 249 38 231 40 227 36 232 37 220 39 172 35 163 32 160 33 166 30 141 31 142 26 134 28 76 29 68 23 9
1519 4.2422917326579483 0.053873602573551109 2.1417361768163401 12 11 7 0.41835121429029531 17 165 16 166
1120 3.5298746982186331 -0.49720509740000451 3.4992739711062599 6 4 2 0.77107682444097214 29 271 23 263 21 260 21 268 22 260 27 267 25 249
507 3.4042843275384214 -1.5725728038089601 2.0125451388208933 76 52 35 0.21217866241068442 48 159 49 161 50 151
1004 4.0728742493871 1.453905001358383 2.1734710454241748 30 24 21 0.99249849980759874 30 137 31 74 28 65
125 3.9308581422983395 -1.9804473731318932 1.8849670365701594 137 108 87 0.63641863996757431 45 347 48 383 47 380 46 375 44 347 49 375 50 379 43 333 42 300 41 300 34 278 38 271 40 251 36 254 37 221 39 216 35 196 32 196 33 214 30 172 31 169 26 160 28 130 29 118
126 3.9029923111482363 -1.9112508867587699 1.8942475858417862 125 95 72 0.18538583387483348 45 348 48 384 47 381 46 376 44 348 49 376 50 380 43 334 42 301 41 301 34 279 38 272 40 252 36 234 37 251 39 255 35 231
1513 3.2857346913412009 -2.4059442273831428 2.4964344647749241 142 111 89 0.44468877057851275 17 134 16 123 19 92 18 76 3 1
1122 3.2074744449107357 -1.4762919513813311 2.1033428385973432 229 178 155 1.3722204883672777 29 287 23 278 21 282 22 272 27 282 25 257
453 3.8622185343676665 -1.986401796516315 1.8627101125276377 157 124 102 0.22461759644233609 48 56 44 66 49 59 39 30
127 3.8627965736631191 -1.8768234879384831 1.8892120244853756 150 114 90 0.2234802563575965 45 349 48 385 47 382 46 338 44 305 49 377 50 381 43 284 42 259 41 302 34 251 38 233 40 228 36 236 37 222 39 217 35 197 33 168 32 197 30 209 31 171
128 3.9075105397260725 -1.8587888279473035 1.9060361105036292 178 141 117 0.096598983795289264 45 352 48 386 47 383 46 377 44 349 49 378 50 382 43 337 42 302 41 304 34 280 38 273 40 253 36 255 37 253 39 256 35 232
129 3.453166028367765 -1.7254162801438506 1.8488499290557687 141 106 79 0.26635345813800204 45 353 48 389 47 387 46 381 44 351 49 382 50 385 43 339 42 305 41 306 34 281 38 275 40 256 36 258 37 256 39 258 35 234 32 231 33 236 30 232 31 235 26 214
1302 2.7146086563164866 1.1406897047127731 3.9525647346550721 255 255 255 0.24806045689636949 21 234 13 213
130 3.2130455244164167 -1.371857114143149 2.0679747367646044 211 155 134 0.22453580332640682 45 360 48 396 47 395 46 387 44 357 49 389 50 391 43 346 42 311 41 313 34 289 38 278 40 259 36 264 37 258 39 261 35 239 32 236 33 240 30 236 31 240 26 222 28 208 29 214 23 200 21 188 22 185 27 156 25 126
1811 3.634269961430785 -2.4748905487618531 2.9020176884180513 50 34 18 0.4173189270694479 7 213 5 216 3 214 2 218 1 247
131 4.1134668653990838 -1.3288085413025941 2.1217749999261577 237 178 147 0.11953111586813728 45 362 48 397 47 396 46 388 44 358 50 392 43 347 42 312
260 4.6197386301204482 -0.84363539811956101 3.1359680070324552 59 43 22 0.50742420736196614 45 269 47 312 44 273 49 306 43 252
1207 3.5338582898570365 -0.54768296014267093 3.4646962783851034 13 9 8 0.31016961277812927 22 157 27 164 13 145 8 139
318 4.0755562139572437 -1.1768525318609808 2.3096435204873984 218 172 136 0.13625308080519533 48 468 47 460 44 431 49 477 50 478
1193 3.1478979128616182 -1.271238873141495 2.160792273864593 153 97 87 0.23688395268417464 21 44 27 41 25 33 24 72 13 79 11 32 14 57 8 69 9 75 6 78 20 76 17 38 16 37 18 24 19 77 12 48 4 30 10 35 15 52 7 35 5 36 2 47
134 3.9161437712202121 -2.391824127184798 1.950652508828802 113 96 80 0.49682393112764484 45 373 48 410 47 411 46 399 44 369 49 436 50 447 43 361 42 329 41 294 34 273 38 266 40 248 36 230 37 218
135 3.475051656063143 -1.6756948023528493 1.8739342178400138 229 186 159 0.57229659201017757 45 378 48 417 49 409 50 414 43 364 42 330 41 325 28 220 29 228 23 211 21 221 22 210 27 220
312 4.5905146089490128 -0.84559026613151045 3.1523267628287979 53 35 14 0.789597235682719 45 410 48 449 47 443 46 438 44 411 49 449 50 456 43 399 42 356 41 351
793 4.4778399926092458 -0.64456633381363604 2.918504209200862 55 42 22 0.83911871888463363 40 289 36 271
136 4.1206468539177479 -1.779378891276437 2.3148093341238756 77 51 31 1.6851628401905994 45 379 48 416 49 441 43 365
137 4.1609160728724728 -1.5864895190481227 2.0769682464353054 242 198 173 0.3850868503754733 45 382 48 421 47 421 46 411 44 380 49 413 50 418 43 369 42 332 41 328 34 308 38 301 40 283 36 286 37 271 35 254 32 234 33 238 30 235 31 238 26 220 28 205 29 212 23 198 21 206 22 183
1310 3.1203062395223995 -1.3440453765984102 2.2233463159639943 203 151 131 0.35093350542623064 22 186 27 187 25 162 24 163 13 181 27 206 25 181 24 188 11 162 14 161 8 177 6 210 20 205 16 209 18 207 4 219 10 259 5 265 3 264 1 292
138 4.0708565894856461 -1.4485498150042577 2.1616723880158886 141 75 57 2.0462703578525501 45 384 48 444 47 440 46 433 44 407 49 444 50 452 43 371 41 311 34 287 38 245 40 237 36 243 37 189 39 185 35 105 32 46
1819 3.5898975627198952 -0.73950840635412651 3.0613666403516024 174 130 92 1.2328652833782481 7 359 5 363 3 358
139 3.9252960252311202 -2.2874371049351625 1.8974540956724857 93 73 55 0.24248794837006055 45 400 48 439 47 435 46 427 44 402 49 437 50 448 43 388 42 371 41 357 34 342
268 3.8330797282663527 1.6261644095821084 2.2050980010150782 19 15 16 0.48097250507743677 45 334 48 317 47 326 46 367 44 292 49 320 50 320 43 320 42 291 41 254 34 272 38 260 40 246 36 250 37 248 39 248 32 222 30 202
1215 3.8099461281310631 1.7642683078616872 2.3577965852760627 10 9 6 1.5689009376456668 22 275 25 260 13 253 14 227
797 2.6756665600149989 1.0472358101930324 3.5321625833946118 255 255 255 0.071453531655005259 40 292 36 309
140 4.0143027167894729 -1.479762463885836 2.0840125286608435 238 199 164 0.15128787614213368 45 406 48 443 47 438 46 430 44 406 49 443 50 451 43 370 42 333 41 329 34 309 38 302 40 284 36 289
141 4.1514688751766453 1.319324310528307 2.1622053525726508 18 12 8 0.87796759109281908 45 416 48 453 47 446 46 443 44 418 49 431 50 437 42 363 41 354 34 337 38 326 37 287 39 269 35 268 32 241 29 174
262 4.7292522999071647 -0.19947195431683293 2.4245488008684535 21 19 20 1.0044656243709607 45 275 42 179 34 78 46 360 38 84 43 257
1201 2.7483378690026097 1.1202317196940796 3.9481472100068973 255 255 255 0.16428881872706258 32 122 27 106
142 3.9303326380554591 -2.0902514943675627 1.8337678041474397 91 67 47 1.3015178823078504 45 422 48 458 47 450 46 450 44 424 50 465 43 408 42 373 41 358 34 343 38 334 40 309
143 4.0570938089240034 -1.3237395028476251 2.1200448135744545 238 188 159 1.0458617547596769 45 426 48 464 47 456 46 455 44 427 49 474 50 474 43 410 42 386 41 373 34 358 38 350 36 314
256 4.6396806325165869 -1.3407580300791044 3.0226553721516174 77 63 44 1.1437826354050953 45 257 47 305 46 291
865 3.0853788934748114 -1.720192449673007 2.5589864138455711 255 255 255 0.80958956012337246 36 285 39 285 32 245 33 249
144 3.9962539130061012 -1.2438092556298785 2.1803052653046024 146 110 82 2.0315201352472347 45 427 47 458 46 457 44 429 43 395 42 354 41 348 34 333 40 286 36 266 40 261 37 259 39 233 35 210 32 207
145 3.2792829847883196 -1.2266864708161118 2.2958947163622527 228 181 152 1.5526462795833116 45 428 48 467 47 459 44 430 49 476 50 476 43 411 42 376 41 362 34 346 38 335 40 311 36 316 37 304
146 4.0774318347118932 -1.1743725317518929 2.3016786862331466 217 171 136 0.41675891963127765 45 430 48 469 47 461 46 458 44 432 49 478 50 479 43 412 42 378
147 3.3928176629645077 -2.1896881066510478 1.9498250610673407 237 187 160 1.052255931424753 45 440 43 422 42 383 41 384 34 365 38 362 40 334 36 335 37 324 39 317 35 306 32 298 33 290
276 4.6413152293668229 -1.1069904983516581 3.042504369970374 74 60 37 0.10731354366619976 48 352 47 352 49 396
1159 4.4972408051206365 -0.33211930957050084 2.3600860193128526 255 255 255 1.4851264509588904 23 262 21 267 22 259 13 234
869 3.2213418257671012 -1.5003774466461144 2.3571181600372437 247 199 177 1.4893933839747588 37 327 39 319
148 3.4164496205806283 -1.6086892932854147 2.0257521095073194 82 64 55 0.66891461139336539 45 442 48 459 47 478 46 472 49 470 50 469 43 423 42 384 41 369 34 354 38 345 40 322 37 326 39 324 35 307
149 3.5034454084774183 -1.5086437629986538 2.0509891316918418 235 183 148 1.6532200829705666 45 444 48 462 49 472 50 471 43 424 41 370 34 355 38 348 40 324
1209 2.7190597377221786 1.0166015575017444 4.3189237597424981 198 145 109 0.45504403099926849 22 164 27 193
150 3.9956708333706934 -1.2194016315003839 2.1889011283260791 155 119 91 1.4537754411986419 45 445 48 465 47 457 46 456 44 428 49 490 50 493
151 3.2477373246912755 -1.1177430758565019 2.3533426436239329 192 95 93 1.7642697208990059 45 447 48 482 47 480 46 474 44 444 49 491 50 495 43 425 35 309 32 303 37 330
1380 3.914800318129847 0.80614186366979179 1.9964852412882195 201 164 118 1.4948486926016544 14 117 8 141
264 4.6442260550395797 0.47701792769642115 1.7879306590441102 15 14 17 0.74457017631350486 45 277 47 319 46 312 44 330 43 259
873 3.3256189133848642 -2.3353338144664462 2.0297097623373475 114 86 63 0.088161736604846941 37 7 35 7 33 11 30 10 26 5
152 4.0266155349395607 -0.61977402914772273 2.4674678311916955 206 162 120 0.50540690553731271 45 448 48 484 47 481 46 477 44 447 49 493 50 497 43 427 42 388 41 375 34 360 38 355 40 313
153 3.7394438118529849 -1.3784277974788692 1.9512626589693705 190 142 113 1.3080957362722978 45 455 48 492 47 493 46 490 44 457 49 497 50 509 43 434 42 400 41 387 34 367 38 363 40 336 36 339 37 329 39 321 35 308 31 276 26 252 28 234
1390 3.4058100062116758 -0.49902440891121264 3.6811765710889559 19 12 8 1.7062709171184318 8 140 9 153 6 158 16 50 18 34 19 42 12 195 4 176
274 4.5327004258979375 -1.2475280831459457 2.9847634334011128 30 17 6 0.13378832365633594 45 316 48 350 47 349 46 353 44 319 49 355 50 359
154 3.3714157028304546 -1.4435083508557718 2.0649719359347163 243 195 170 1.2240239299505689 45 467 48 491 47 492 46 489 44 456 49 496 50 508 43 445 42 405 41 393 34 374 38 369 40 339 36 345 37 336 39 326 35 315
155 3.8180936873068694 -2.4808247536477404 1.9763924331898175 87 71 57 0.56524192285593866 45 105 47 7 44 8
284 4.3106850906589802 -2.5258713910782808 2.4195289867137411 100 83 67 0.83512045363333021 45 291 48 411 47 369 46 372 44 341 49 401 50 406 43 276 42 191 41 89
1167 3.2005867461249329 -1.1127578023723659 2.3152907096233277 187 97 92 0.22686496124958277 29 46 22 48 27 46 24 41 8 32 16 43
877 5.0030615950065673 1.1701855230426943 2.1451532472705628 119 104 82 0.16336559243668744 39 114 35 64
156 4.210995192597375 -2.6049890662083466 2.3522075782989993 156 132 109 0.25076414714959833 48 109 47 8 44 111 49 186 50 193
157 3.7758991245446394 -2.4530322909733822 1.9728903577784398 31 25 10 0.20658170220043964 45 13 47 11 46 13 43 10 42 4 41 81 34 96
158 4.2078873011230193 -2.5456031852486225 2.3288447439599991 72 57 39 0.3096462947556276 48 9 47 14 46 17 44 13 49 11 50 114 45 19
159 4.2082843083546049 -2.540794053315333 2.320932305680806 72 57 39 0.080566996196279286 45 20 47 15 46 18
1388 3.4122747936201145 -1.8125095193883676 2.9406509249286623 215 163 141 0.18793355508344034 14 103 9 132 5 230
272 3.4916512600840841 -1.7496755658832808 1.8406527671854458 228 187 164 0.2814657161663795 48 337 47 342 46 339 44 309 49 344 50 347 43 285 41 263 35 165 30 174 31 172 26 136 23 61
817 4.2698013789102376 -1.6794619887249918 2.1030946728759083 231 168 134 1.765250163468125 36 191 37 146 39 88
160 4.2962101464338751 -2.552510888506561 2.4066467027977296 106 88 71 0.52270029102378746 45 26 48 112 47 22 44 118 49 118
976 3.4322776635825911 -1.5824222705375404 1.9824647361144256 64 49 37 0.35576197397202564 38 67 30 98 31 103 26 95 28 93 22 34 25 24 13 24
161 4.0940680039657726 -2.3955623842071847 2.0038511264325529 105 90 77 0.2021231595384175 48 18 47 25 46 27 49 24 50 18
1334 3.205180250449398 -1.4320175380337863 2.0936329983576667 240 188 166 1.0396353847779711 13 249 24 254 11 234 14 219 8 221 9 254 6 263 20 249
162 3.5248275116993937 -2.3828969862147593 1.9570964030961195 91 76 57 0.73784860311403899 45 23 47 26 46 24 43 20 41 5 34 9 38 5 40 6 36 5 37 2 39 4 35 68 32 70 33 69 30 67 31 84 26 81 28 70 29 63
1843 3.4625267943062816 -1.5041831596109319 2.9692835931204136 203 147 127 0.16883688076909942 5 332 3 323 2 329 1 350
163 3.5262656812369149 -2.4022083225185806 1.9986015410192515 91 76 57 0.14923587536752234 45 24 47 27 46 25
980 4.499966639322583 -0.17238551713808722 2.2109349625637078 211 168 143 0.14962265972468536 33 156 30 131 31 130 26 64
165 4.017724816263641 -2.3623507715179541 1.9538646699608653 100 85 69 0.22081666553507132 45 31 47 29 44 26 50 23 41 88
166 4.2221257010491424 -2.4030444518156577 2.1201389279535192 91 80 67 0.11120943040827924 48 118 47 31 46 31
167 4.4558794443361549 -2.5562837034713297 2.6224757421723761 92 68 46 0.19335843585809978 48 23 47 34 46 35 49 27 42 24
825 3.1402902678064968 1.569907438382014 2.6728378091610376 255 255 255 0.94848341684007054 40 221 37 213 39 247 35 228 32 225 33 209 31 201 26 193 28 185 29 222 23 169 21 176 29 187 22 172 27 182 25 153 13 153 11 173 14 152 8 201 9 118 9 161 6 125 6 171 20 134 20 172 17 132 17 173 16 176 19 195 12 209 4 187
168 3.8195402792831921 -2.3196055352575944 1.8881527148890096 94 73 53 0.25984734879119109 48 26 47 35 44 32 42 15 38 15
984 3.3033376483198253 -0.83709091527356061 2.4382549178826487 132 86 65 0.2476004892934906 33 224 30 220 31 223 26 225
169 3.9958094881383186 -2.310571013863977 1.9306622981089969 76 58 44 0.22873520783152498 45 40 47 42 46 40 40 20
1342 4.4031970265984448 -0.082992013553718491 2.1646769554474905 14 12 11 0.17967809328391912 27 49 14 33
290 4.1341875831795569 -1.4743596771813565 2.1508775213762066 231 184 152 0.30985668020433837 45 359 47 393 46 386 44 312 43 344 42 309 41 310 34 285 38 277 40 258 36 263 37 230 39 227
170 3.8037896184607964 -2.2815397657353067 1.8675196425249663 134 109 89 0.17808601161404894 48 34 47 44 46 42 45 117 44 40 49 36 50 34 43 28 42 23 41 95 34 107 38 19 40 96 36 14 37 86 39 20 35 12 32 18
1851 3.8850319114451111 -1.8625246616419942 3.1723149438284848 35 23 15 0.3215840157611487 3 33 2 34 1 97
171 3.5023123343882734 -2.2808372028040691 1.8810220226956376 109 83 60 0.21285674490915238 48 36 47 47 46 43 43 112 42 97 41 94 38 106
1119 3.1140607766549371 -1.6880741125126912 2.3874858617166592 71 54 42 0.24602159655455669 29 268 23 261 22 255 24 243 13 240 8 220 9 253 6 261 17 264 16 266 19 291
300 4.0617299737746873 -1.5905889004645937 2.0644595651177706 226 182 152 0.27837245271894612 48 420 47 420 46 410 44 379 49 412 50 417
829 2.8831573644595747 1.3663765390810176 3.7416023564644338 255 255 255 1.8847435884956103 31 270 26 273 28 254 29 264 23 253 21 262 22 251 27 261 25 236 30 255 24 231 13 225 14 189 11 195 8 199 9 208 6 196 17 194 16 180 19 49
172 4.07051796289484 -2.276919375502418 1.9448839080477454 88 74 62 0.39398173514885571 45 44 47 51 46 47 44 48 49 136 50 35 43 30 42 25 41 21 34 21 38 25 40 24 37 20
1503 3.1824558296757464 -2.1354302129312597 2.6389407114863204 173 136 115 0.22265960084710143 17 59 16 10 19 56 7 11 2 8 1 11
988 3.3369300124526089 -1.1538037552106086 2.129964783005081 231 188 162 0.28998664382761696 32 247 30 238 31 242 26 223 28 209 29 215 23 202 21 207 22 204 27 209 25 184 24 191 13 183 11 147 14 142 8 160 9 182 6 150 20 154 17 119 16 77 18 61
173 4.3636409331155992 -2.3399279576434773 2.2855332726371906 74 65 55 0.12693076770391476 48 38 47 55 44 52 49 138
1105 2.7929229439558818 1.2965966150234283 3.4114056982071363 36 30 28 0.47754082993141461 28 155 23 165 21 197 22 193 27 196 25 172 24 197 13 187 11 169 14 171 8 186 9 207 6 219 20 216 17 212 16 221 18 218 19 241 12 276 4 260 15 298 7 273 5 277 3 276 2 283 2 305 1 302
294 4.2489810751673502 -2.6971267218921708 2.4567786685225239 199 158 111 0.73264424146274887 45 371 48 408 47 409 46 398 44 367 49 435 43 360 42 328 41 323 34 303 38 264 40 247 36 228 37 171
174 4.0363931856714084 -2.1276894199123184 1.906864047373741 91 73 57 0.18331529764572002 45 50 47 59 46 55 49 52 50 44 43 34 42 32 38 38
1497 3.7350813745779696 1.7434107741404237 2.2171701426508221 255 255 255 0.69043631233910596 20 236 17 213 16 243 18 240
175 3.9095274546581709 -2.004469114252784 1.8684824042279149 119 90 67 0.22966500756759634 48 54 47 66 46 65 44 64 50 53 41 31 34 35 37 30
1340 3.0889043112196268 -1.7155456982600708 2.3466109077772157 183 134 111 0.75100822949308776 21 15 14 12 8 12 15 33
288 3.1869021035741243 -1.730601845823728 2.0849164394191515 226 182 157 0.68102572831407737 48 282 47 389 46 406 45 404 44 310 49 220 50 148
176 3.8027781304420034 -1.9781803458223182 1.8462858776253657 177 140 117 0.30737201972131523 45 57 47 69 46 68 44 67 49 62 42 36 38 44 37 32 35 21 32 23 33 23
298 3.3181243524094395 -1.6061294493200611 2.099603652793999 220 180 152 1.1042742598499544 45 381 48 341 47 418 46 408 44 354 44 377 49 348 49 384 50 285 43 368 42 331 41 327 34 307 38 300 40 281 36 284 37 270 39 274 35 253 32 244 33 250 30 247 31 252 26 217 28 201 29 209 23 196 21 203 22 178 27 184 25 160
178 3.9801298603144999 -1.9264190148495099 1.908274438852132 103 77 58 0.10063175223145118 48 61 47 72 49 65 50 57 42 38
1795 3.7232165940926247 -2.1325915248536362 3.0822988871003698 83 69 56 0.095146936038221733 7 20 5 17 3 14 2 16 1 21
179 4.1175995474674441 -1.9321482930365999 1.9617604193225882 64 47 32 0.2436586639818068 48 62 47 73 46 70 50 58 43 42 41 35 34 37 38 47 40 40
308 4.59774419873008 -2.1125746137070727 2.8577977763695634 45 37 28 0.62270849247534643 45 377 48 441 47 436 44 404 49 439 50 466
1191 3.2854020099145562 -2.3502621091057261 2.1015117501082381 90 65 44 0.17636128136496421 22 60 27 0 24 51 13 0
773 3.2676908554577664 -1.5720767133273625 2.168262089576023 216 166 134 0.80145920525645897 40 338 36 344 37 335 39 325 33 293
180 4.124192096257735 -1.8186562294620345 2.0041489723909471 97 77 62 0.043255460744821006 48 67 47 79 46 78 49 68
181 4.092434190857527 -1.7567155204031715 1.998929071211629 84 59 41 0.13529349967474599 48 69 47 81 46 80 44 78 49 71 50 68
1113 4.5998524659145428 1.4179633168478312 1.9375046453737483 221 166 127 0.16826836237125459 26 243 23 223
302 3.2145969904511875 -1.1513781901088183 2.3706131598781712 162 69 68 0.7281159935843905 45 390 47 424 46 436 44 385 43 374 42 355 41 331 34 334 38 305 40 303 36 305 37 297 39 295 35 279 32 261 33 262 30 263 31 267 26 256 28 237 29 247 23 239 21 242 22 234 27 244 25 225 24 224 13 220 11 201 14 192 8 206 9 236 6 244 20 240 17 244 16 246 18 243 19 257 12 302 19 274 4 245 10 292 15 312
182 4.2260507436319585 -1.772902152681634 2.0904571646264505 71 54 41 0.10225035654314493 45 67 47 82 46 81 44 79 50 67
183 4.1262514272645259 -1.6930171789071429 2.0310983693247202 111 75 54 0.1569945339932835 48 72 47 85 46 86 44 81
1284 4.2333713321100301 -0.32480137490028715 2.4207131555721237 37 33 31 1.5640265434532099 24 108 13 84 11 123
777 3.515955555691737 -2.2421471830982744 1.846816585795708 132 96 73 0.21006404967997552 40 21 36 15 37 12 39 19 35 11 32 17 33 17 30 15 31 18 26 12 28 12
184 3.4909463048122324 -1.6142769460167503 1.9163153355446485 184 134 107 0.23891104702927973 45 73 47 87 43 51 41 47 34 46 38 60 40 58 36 43 37 40 39 39 35 27 33 35 30 24 31 35 26 35 28 29 29 24 23 23 21 23 22 26
185 3.4290109810255016 -1.6077407370128207 1.9565716163886844 73 48 35 0.31049076140634208 45 138 47 90 43 52 34 172 38 123 40 195 36 190 37 183 35 170 32 164 33 173 31 174 26 164 28 161 29 148 23 128 21 138 22 134 27 116 25 92 24 87 13 96 11 87 14 51 8 95 9 97 6 71 20 20 17 30 16 69 18 19
1294 3.4373375054026689 -2.3413224962664843 1.963027281991812 84 63 41 0.44789654459890132 24 176 25 191 13 154 11 136
186 3.4084061480987753 -1.535389747217309 2.0040147385647931 163 114 88 0.19486030510115579 45 79 47 97 44 87 48 223 49 163 42 62 41 57 38 69 36 55 37 53 35 42 32 43 33 47 30 36 31 47 26 47 28 45 29 33 23 33 21 33 22 36 27 34 25 27 9 31
1803 4.3498038286184055 -2.2028584528524777 3.1011296195281344 25 17 8 0.63279837812846096 7 125 5 120 3 167 2 233
187 4.5928884379698118 -1.2374782834358977 2.994907821052196 59 46 30 0.12508969203766479 45 87 48 82 47 103 46 98 49 89 43 67
316 4.4206275825383532 -2.0539801594428391 2.230596936125504 77 67 53 0.35024995562281508 48 480 47 451 44 425 49 487 50 488
1199 3.4661369563447506 -1.5810770433064574 3.0623899368883403 173 104 85 0.27427894930534491 21 45 27 97 13 105 11 94 14 82 8 104 9 137
781 4.1294062894654235 -1.42335062928801 2.1267535846309515 203 127 101 0.29662164933486246 40 73 36 59 35 47 30 39 31 53 29 88 23 40 21 42 27 42 25 35
188 4.5970538445305529 -1.1861637398459348 3.0056046205727434 109 84 57 0.29007072718432625 45 89 48 166 47 105 46 170 44 154 49 237 50 235 43 69
189 4.5429613774970061 -1.1556793899443634 2.991806616480738 67 45 21 0.60604946863107134 45 91 48 86 47 106 44 155 50 160 43 71 42 72 41 64 34 72 40 78
310 4.6162877180601409 -1.2789204679102879 3.038394497944906 46 36 24 1.2065044742842048 45 429 48 445 47 441 46 435 44 408 49 445 50 477 43 396 42 377 41 349 34 347 38 318 40 302 36 294 39 194
1185 3.3805694135960302 -1.6854666299516794 1.9090531165181641 199 153 126 0.081503888677424821 21 202 22 199 27 199 25 175 24 179
190 4.4703176382353522 -1.0219200308963272 3.0583251770903472 76 54 34 0.29683452652593911 45 92 47 109 46 100 44 91 43 72 42 118 34 74 40 79
191 4.2789924747277368 0.84648700770887575 1.9728409013290222 215 168 127 0.41553207853906077 48 97 47 114 44 98 42 78 41 70 34 81 38 88 40 86 36 78 39 64 35 63 33 65 30 59 31 69
1292 3.708308616957765 -0.57771579379927229 3.6109439705098221 8 6 4 0.29395690122188001 24 143 13 146 11 121 9 151
304 4.6562876519280891 -0.7661972495080055 3.230518014486115 255 255 255 0.54440062106751508 45 412 47 427 48 451 46 418 44 412 49 451 50 457 43 378 42 338 34 318 38 324
849 3.4447267594350821 -1.093515164993379 2.1335946905518339 190 144 119 0.19244123943625585 37 62 39 108 35 111 33 118 31 125 29 104 23 87 21 91 22 95 25 84 24 77 13 45 11 67 14 61 8 35 9 48 6 48 20 40
192 4.3675537910904936 -2.7570341542388888 2.5360100995208219 109 90 70 0.69080228468675842 45 1 48 101 47 117 44 104 49 106 49 180 50 185
1574 3.3884287071264847 -2.0972220628535627 2.9080542297796765 54 35 22 0.074823298651800527 16 15 19 8 5 15
193 4.1540412947257881 -2.6889803790309528 2.4340404767908503 150 116 90 0.20344181488122143 45 5 48 106 47 118 46 120 44 106 49 111 50 104 43 4 41 77
1366 3.3249736238963528 -1.132804589700575 2.1493943099159658 197 105 99 0.078788319669360105 11 62 8 31 9 43 6 44
378 3.9222260616847566 -2.5631979881785378 2.0846246218115376 122 99 78 0.51194959309808918 47 209 46 194 43 94 50 189
194 4.2678172566861488 -2.6716259669700624 2.4670154235435358 146 109 71 0.25538685555204316 45 104 47 122 46 122 44 108 50 105 43 96 34 6
1875 3.9987488403798808 -2.4145709911897284 2.9910382821224748 54 40 28 0.5497126372438399 3 249 2 285 1 304
324 4.4541234453205334 1.5033997652884636 1.9657242017080043 255 255 255 0.29187595930809046 48 478 47 470 46 466 44 438 49 486 50 460
1271 3.1569312925404844 -1.6614188330363018 2.2935567382490016 84 50 40 0.26998121856751162 36 50 37 49 39 48 33 43 30 95 26 94 28 89 23 64 21 71 27 73 13 66 11 48 14 43 8 59 9 66 17 24 16 26 18 14
196 4.2113945483225876 -2.6495876165678092 2.4185869241743987 89 66 44 0.34625479040046042 45 8 48 186 47 124 46 8 44 168 49 256 50 251
382 3.6636594815583337 -2.3107874345297463 1.8633785149581712 87 66 45 1.7786466800507026 48 123 46 200 44 125 49 128 50 26 43 104 34 156
1257 3.4446790785643246 -1.5497873907368434 2.9510281156543385 221 167 142 0.13414515494430743 25 130 24 133 13 134 11 118 14 107
198 4.1504329559254565 -2.5934857309363593 2.2989607112738111 116 100 80 0.25397591786388463 48 188 47 126 46 125 44 169 49 185 50 109
199 4.2671123485091531 -2.5523036215794428 2.3725760654436119 125 105 89 0.077006526035152845 45 107 47 128 46 126 43 17
1364 3.4671222058655724 -1.5436819735539848 3.0720217719627287 216 147 130 0.20802008797014904 13 41 8 29 9 40
1573 3.394405146503876 -2.4142652018441115 2.7460398731761368 85 69 53 0.48690209661382455 16 2 19 0 12 2 10 1 5 0
376 4.9209584811324074 1.5006466764111019 2.8458472386261469 40 36 35 0.22388433413699368 45 164 47 200 46 189
857 3.1633466879587813 1.7361337491224764 2.6741358066588639 6 5 3 0.51416902400296294 40 222 39 210 35 193 32 226 30 206 33 212 31 205 26 194 23 170 28 187 21 177 29 188 22 173 25 49 25 154 24 156 11 134 14 127 8 149 9 164 6 174 20 178 18 119 19 199 12 212 15 229 7 210
200 4.266707273340332 -2.5537638574246926 2.3732106508541615 125 105 89 0.18821617642316371 48 12 47 129 46 127 44 117 49 117 50 115
1582 3.4968501814339681 -1.9959641026237354 3.0105886894952092 62 43 26 0.13737681438077579 18 85 19 103 12 166 10 167 15 183 7 169 5 169 2 168 1 191
201 4.0343714653449227 -2.3973138992301974 1.9796329783956192 103 86 70 0.88134544599500941 45 110 47 130 46 128 44 120 49 120 50 118
1374 3.3231429263646808 -2.2700874833289917 2.7912077082003881 91 73 57 1.5762538936999608 14 7 8 88 9 11 6 9 6 97 20 3 17 58 16 9 16 94 18 1 18 81 19 1 19 95 12 4 12 5 4 2 4 50 10 56 15 5 15 131 7 58 5 6 5 58 3 57 2 62 2 63 1 76
322 4.8491290346110958 0.59373365966803815 2.2450720231550756 22 24 25 1.2838345061719112 45 394 47 467 46 463
202 3.6584847316091627 -2.3613030049082884 1.8902492153228723 98 85 64 0.31963619334542581 48 115 47 132 44 123 50 21
1883 2.8955274550219263 0.95299477921318365 3.7323545606096569 9 5 3 0.31162647743883382 3 197 10 201 1 227 20 169
203 4.0500891075612238 -2.3333523291730329 1.9590720216911754 70 55 40 0.26072797094875783 45 116 47 138 46 134 43 110 42 20 41 93 34 106 38 20 36 16 37 13
861 3.8348773790249879 1.6261048892751928 2.2040881895607147 17 13 14 0.44244826939500403 37 249 39 249 35 226 32 223 33 207 30 203 31 199 28 156
204 3.6350159004053681 -2.2754136932770779 1.8495699480072312 110 84 60 0.43286903668207305 48 127 47 141 46 137 50 127 43 160 42 136 41 146 34 159 38 147 40 138 37 133
205 3.3139561524523318 -2.2766841135030202 1.9965305424082684 203 158 133 1.0107237366397566 45 293 47 142 46 329 44 51 43 328 42 296
206 4.5074259723391634 -2.306345744401368 2.5484760408995495 83 68 55 0.51835917932450892 48 266 47 144 49 266 50 338
207 3.8864322283938915 -2.0796747583168536 1.8511455463430146 138 107 84 0.22301079285393213 45 123 47 146 46 143 49 143 43 120
1372 4.1570997337142064 -0.30953808565628538 2.4270815596195532 218 179 149 1.0511853303003733 11 36 8 82
1581 3.4554849116436888 -2.0921333330565237 2.9586052754164536 48 30 18 0.22288183148861401 17 104 19 101 4 106 10 116 15 132 5 116 2 116
320 3.7379679628924727 -0.7901031067704628 2.4595004062309735 229 190 153 0.55546556229948973 48 450 47 463 49 450 50 428
929 4.7529593531936811 0.51743367395134943 1.8237186768518834 167 140 109 1.3003025740642771 35 310 32 293 33 278 30 281 31 269 26 259
208 3.8664622039646894 -2.0661254143858923 1.853068606510091 154 119 95 0.39878563945732559 45 124 47 147 44 138 49 53 50 46 43 35 41 154 38 39 37 27 39 81 35 82 32 79 33 77 30 78 31 91 26 18 28 18 29 9
1590 3.9965336260231199 -0.19848924719939706 2.3731009816175193 255 255 255 2.0066347044595489 16 219 19 185
209 4.3341323319352245 -2.1010982312607847 2.1288544275259316 63 54 43 0.98673774378573875 48 209 47 148 46 144 44 300 47 335 49 337 50 340 43 212
1446 3.3465588979145844 -2.256566205259233 2.7939262353240992 67 47 31 0.53021557951771714 9 89 20 99 7 117 5 114 3 115 2 64 1 77
211 4.0662603140542819 -1.6487836919236143 2.0238952713702787 141 102 78 0.25737238155755049 45 136 47 166 46 87 44 147 49 158 42 50 41 46 38 61 35 36
549 3.3828809143154417 -1.0449137070828014 2.2600401569142559 233 188 159 1.2039649883509427 49 446 50 453 43 413
340 3.4285693529444226 -0.67700782246002655 2.8188421024518369 255 255 255 0.89272401312875982 45 471 48 504 47 502 46 500 44 468 49 509
1223 3.418034744803911 -1.8431606605953643 2.9972127936192052 141 72 53 0.26380153179366039 27 35 25 28 24 31 11 26 14 19 9 26
933 3.6563120799430413 -2.380570339365887 1.9144150218503215 107 93 75 0.15740491252601063 32 2 33 4 30 4 31 4
212 3.3321575394313458 -1.6231069011817414 2.0765759128782708 156 111 87 0.35243033323204032 45 139 47 167 46 160 43 131 42 157 41 111 34 173 38 124 40 104 36 104 37 102 39 91 32 90 33 87 30 93 31 98 26 37 28 32 29 27 23 25 22 28 27 19 25 15
213 4.5805039786366972 -1.6253447491470949 2.9348197662358997 76 63 43 0.47585532459142738 48 227 47 171 45 144 46 166 49 286 50 291
334 3.0029449447574033 1.4832791673145578 2.9930683676472372 9 8 8 2.1177837371022274 45 461 47 495 46 492 43 439
214 4.5218689270122834 -1.5732166647246302 2.8749310291980303 31 24 14 0.31551267105140068 48 291 47 173 44 204 49 287 50 351
215 3.3918642197425179 -1.133846156975101 2.1294819259876401 196 143 120 0.25349893838788973 45 200 48 165 47 178 46 168 49 90 50 85 42 170 34 184 38 172 40 163 36 167 39 153 35 152 32 148
1589 4.5097227788168155 -1.0954935408059601 3.3241603056627178 255 255 255 0.45743482860196788 16 162 18 160 19 180
328 3.3163871114602164 -0.40832805648075132 3.5153057085393402 7 5 4 1.7818015840265005 45 450 47 482 46 479 43 428 42 403 41 390 34 370
217 4.4116044784923325 -1.0724115367692975 3.0940283668613606 45 29 6 0.49063383534851701 45 151 48 169 47 182 46 173 44 156 49 92 50 162 43 141 42 117 41 128
1454 3.5250055413371815 -0.11041221208270038 2.7447266001491508 238 189 150 0.54187501805366711 8 40 20 164
338 3.0809121594202717 -1.5713344321795353 2.1738001809037755 255 255 255 1.4052088616974843 45 443 47 500 46 487
1571 3.3636177554652367 -0.97211122354454338 2.0996460157799075 255 255 255 1.0545067971575561 16 290 18 283 19 311 15 389 5 362 3 357 2 362 1 378
218 4.5166705666985649 -0.6146913249011462 3.1941760506009782 71 47 21 0.34804353836001917 45 95 47 184 46 179 44 160 43 77 42 74
219 4.6022504117100098 -0.57013392507163629 3.2434094346441826 88 70 47 0.14127853149645592 48 239 47 185 44 214 49 242
557 4.2743506222428298 -1.7329678077278494 2.1693014370038819 144 117 99 0.039664072784508696 45 70 43 49 41 45
348 3.7570077968497406 -2.4681313610970865 1.9949669844695133 76 67 48 0.15359566078445952 47 9 46 11 42 3
941 3.75882307614763 -2.1999770485518542 1.8367098677263889 176 138 112 0.030864721019201288 35 18 33 20
220 2.5963305674806723 1.4084408895456995 3.4508373787649789 138 101 74 1.5999435366643273 45 162 47 196 46 185 46 245 44 96 43 195 42 289 41 291 34 298 41 320 38 292 40 274 36 300 37 289 39 283 35 272 32 253 33 271 30 267 31 272 26 262 28 244 29 255 23 246 21 238 22 226 27 238 25 190 24 199 13 190 11 175 14 173 8 166 6 198 15 167 7 157 5 155
342 5.0974548664379657 1.3191810367119066 2.3660050812823483 255 255 255 2.0601997847912488 45 474 46 502 43 452 42 412 41 399
1217 3.1088652388255285 -1.7099291830660324 2.2948344408248502 103 59 40 1.6064689582145164 26 30 21 13 22 14 27 67 40 59 36 42 35 26 32 30 26 27 28 21 23 11 21 66 22 13 25 56 24 12 13 10 13 60 11 13 11 44 14 10 8 55 6 22 17 21 16 23 16 64 19 12 12 28 4 15 7 24
222 5.0179938520427392 1.1861308139625677 2.2872751600228716 255 255 255 0.70030625072870767 45 279 47 199 43 316 42 288 41 290 43 264 34 296 38 289
223 4.1491977174088923 1.380691776422416 2.1710209416977806 37 30 25 0.44771062892094954 48 179 47 201 50 97 35 122 30 133 31 133 26 75 28 123 29 109
1452 3.2253661565033469 -2.1894747005548636 2.6779545697231599 126 98 78 0.42357571280658568 9 124 20 137 17 136 16 129 18 182 19 204 12 216 4 191 10 215 15 234 7 216 5 219 3 218 2 221
1597 3.9072928772822335 -2.0522281296490199 3.108613110267592 66 50 37 0.13020429411198892 18 226 19 251
545 4.0235915936811368 -1.8156002932653776 1.9617122420474975 129 104 82 0.17099185017755891 48 66 50 64 40 53
336 4.0975341660601208 -1.7800018658833769 2.0136053701621575 103 79 62 1.1052989086184248 45 465 47 498 46 496 43 443
224 3.8083835939009365 1.6561155801248015 2.2221298292065934 36 33 28 0.30072895948072265 48 181 47 206 50 100 43 91
225 3.7601564846798472 -2.5621897356485728 2.1386278793527871 120 96 74 1.0703655441759632 48 187 47 210 44 228 46 255 50 108
1398 4.4942872077512064 -0.39399953057130915 2.6043743222640203 0 0 0 1.3234847026148191 26 62 29 138
282 4.2741676874208085 -2.7852670562511603 2.4936594751577292 163 128 92 0.39486969027747149 45 335 48 374 47 367 46 369 44 339 49 368 50 374 43 323 42 292 41 255 38 225
226 4.378933808988565 -2.6717671565753127 2.5474943501184732 55 41 22 0.46205717346838937 48 254 47 211 46 195 44 170 49 257 50 253 42 132 41 84
227 4.5013034390887583 -2.4375502906823421 2.6802721510533978 83 66 52 0.18737395693109199 48 263 47 223 46 208 45 185 44 178 49 263 50 260
356 4.109518489173106 -1.8617598046108272 1.9612322894148608 97 76 60 0.28204380351710651 47 77 46 74 50 61
1175 3.1626442801428958 -2.0524435927486646 2.630178608949187 176 139 116 0.040614923032262981 21 102 22 104
228 3.9905155637052241 -1.9601792603103563 1.91541435254587 112 89 69 0.14530548559249637 48 213 47 229 46 216 44 189 49 213 50 212
229 3.2468808918658101 -1.6276986383825878 2.0846529577905546 195 149 117 0.21131065147265637 45 246 47 236 46 282 44 198 43 228 42 206 41 162 43 174 34 214 38 240 40 232 36 192 37 227 39 223 35 199 32 198 33 215 30 210 31 211 26 163 28 160 29 147 23 127 21 137 22 133 27 150 24 85 13 95 11 85 14 47 8 14 9 22
286 3.9467880176319041 -2.2166407000087305 1.8782531386720911 123 98 78 0.91092269657548208 48 379 47 373 43 330 41 260 38 188 36 140 39 123 35 132 32 130 33 75 30 76 31 22
1161 3.1346319066821722 -1.6265219575497816 2.3608958368864692 184 141 120 1.6760298193590133 36 56 39 51 35 100 30 35 31 46 28 43 29 81 21 74 40 70 36 113 39 97 35 41 32 97 33 99 30 105 31 107 26 46 28 97 29 80 23 70 22 73 27 30 27 77 25 63 24 60 13 19 13 68 11 19 11 50 14 18 8 18 8 62 9 24 9 70 6 27 6 67 17 27 17 72 19 15 12 36 10 26
230 3.4474605657625292 -1.5714890205940419 1.9659899216258476 182 148 137 0.18016796454067949 48 157 47 237 46 222 44 150 49 159 50 78 43 231 47 295 42 209 41 219 34 215 38 204 40 198 36 193 37 184 39 181 35 171 32 165 33 174 30 176 31 175 26 166 28 162 29 150 23 130 21 139 22 137 27 152 25 123 24 126 13 124 11 112 14 102 8 99 9 99 6 105 20 68 17 77 16 71
231 3.4080757003210427 -1.5701482886800504 2.002125675329633 84 58 41 0.1761831309940903 48 158 47 238 49 160
1396 2.8553291820994628 0.98599823702458067 4.4741343800566478 148 111 82 2.1460959602758809 9 204 20 245 17 257 8 143
280 4.5420956918730102 -0.59805294437437451 3.1966570454652206 100 75 47 0.27473742815302138 45 327 48 359 47 358 46 306 44 279 49 362 50 364 43 254 42 233 41 186
889 3.1203299050638833 -1.8339106689331666 2.4684202426703274 194 149 127 0.60032033372861771 39 220 35 236 32 232 30 233 31 236 26 215
232 3.1511095492488539 -1.2464784251522489 2.1827051284176062 255 255 255 0.97843394847184861 48 348 47 243 46 290 44 317 49 394 50 395
233 4.5671184713968547 -1.2625784879420652 2.9865689048193129 54 43 27 0.38243546590300159 48 230 47 244 44 208 49 234 50 232 43 182 42 167 41 177 34 182 38 173 40 122
1406 3.4670435074117965 -1.7663931144577643 2.9769467612461944 198 144 123 0.28662027266553192 9 32 6 32 20 24 17 76 16 31 18 53 19 72 12 91 4 66 10 71 15 95 7 82 5 77 3 73 2 82 1 93
354 3.8996346854950028 -1.9948832047855871 1.8624952711914902 121 90 68 0.23807064888784349 47 67 46 66 41 32
234 4.5669810943059215 -1.2633095094187554 2.987414294660014 54 43 27 0.29411940745775839 48 231 47 245 44 209 49 235 50 233 43 183 42 168 41 178 34 183 38 174
235 4.3921492549224226 -1.0945195089535635 3.1001962115464612 72 61 35 0.24660744206710525 45 263 48 236 47 250 46 232 44 211 49 167 50 161 43 248 42 229 41 182
893 3.5479610114791393 -0.61213855002124229 3.0321570334034602 184 139 100 0.50226871970740816 37 238 35 281 32 264
236 3.551340909717815 -0.84781190490836456 2.5398620186703016 255 255 255 0.47376321316119874 48 356 47 251 46 233 44 272
237 4.4807000837642406 -0.79646585749611065 3.1451524200541074 48 26 8 0.18191386234618834 45 208 47 252 46 235 44 212 49 168 50 164 43 188 42 177 41 184
358 3.0959488251828309 -1.786205220299284 2.1671482998423972 219 176 153 0.27323235001929519 45 133 46 82 43 172
1169 4.2930251316748809 0.0034983091257008575 2.1206094512362132 27 23 20 0.12972796435831868 21 51 22 50
238 4.5675319126437941 -0.76540592497400528 3.1556018252500699 124 97 68 0.45898286071915434 45 211 48 305 47 253 46 236 44 275 49 307 50 304 43 189 42 119 41 129 34 133 38 136 40 81
352 4.0853493518848243 -2.4145143287083202 2.0135557044128354 63 48 36 0.38873447633794073 47 21 46 22 44 19 49 20 50 15 43 16 42 8
1404 3.2767463697718511 -2.0562468767676871 2.790113084524529 113 86 67 0.1407638480895631 9 14 6 16 20 4 17 15 16 14 19 7 10 15 5 14 3 12
239 4.5625738146752894 -0.70749254935491146 3.1460423026684632 62 39 19 0.18493170855345045 48 238 47 254 49 241 43 143
240 4.4839953950986793 -0.62786462642482566 3.2231654638660454 89 67 37 0.23875875117034992 45 214 47 255 46 178
833 5.0619894978097584 0.98616058896837522 2.1590405546992382 149 126 104 1.543929522092073 40 215 36 217 37 204 34 140 38 140 35 187
362 3.4580020697366787 -1.6248868795132616 1.9186774414356242 184 137 111 0.40830441304793025 45 72 46 88 44 83 43 50 42 49 34 45 40 57 36 39 37 39 39 38 35 24 33 33 30 23 31 28 26 31 28 24 23 20 21 22 22 24 27 17 25 12 24 19 13 17 20 18
1350 3.4638123277830508 -1.6405861400839687 1.9076437977591838 147 100 74 0.11077158396315291 13 121 14 98 9 69
241 3.8954989205780355 1.7143229728667688 2.2320007008162777 54 52 53 0.31016630765189551 45 284 47 263 46 253 44 224 50 248 49 249 43 267 49 323 42 187 34 241 36 178
1859 3.210520624384086 -1.1525215515451344 2.434655593850064 214 170 143 0.18657320018253137 5 136 2 139
242 4.3211950288181722 -2.749661971107241 2.5110276435049976 170 138 106 0.39500286257138684 45 168 48 252 47 265 46 254 44 226 49 254 50 326 43 156 42 130 41 76 34 94 38 1
1255 3.4511936063693316 -1.5523226791606399 2.9534543043328547 221 167 142 0.039542069789958556 25 109 24 99 13 104
372 4.5977474150746378 -0.94131218614488021 3.0706066151856684 127 100 68 0.13025807127868066 48 170 46 174 44 157 49 239 50 239
243 4.219446184544033 -2.6904093357125114 2.4608202556206087 206 167 125 0.56714116474250431 45 169 48 253 47 266 44 227 49 255 50 250 43 157 41 79 34 95 38 3 40 92
244 4.0760648823068149 -2.516892711195033 2.1152742245017198 131 111 91 0.35541904354107295 45 170 47 268 46 256
837 3.7576795827442897 -2.3682621205124965 1.9045254355849375 66 51 37 0.010910480246237069 37 6 39 9
245 4.2812123303383789 -2.6097711165305579 2.4499443079268297 84 59 37 0.15501764923665512 48 257 47 270 44 231 49 259 50 331
246 4.4065989605233327 -2.6169270626206185 2.5997037768773277 132 106 82 0.17132721385789434 45 223 48 326 47 271 46 259 44 233 49 261 50 257 43 205 42 135 41 145 34 158
360 4.4438207484684611 -1.7906301226003691 2.2996405633971091 36 29 22 0.23474119151857434 47 84 46 84 44 145 49 155 50 218
247 3.7210298720736072 -2.3839594901331407 1.9082229346751944 64 54 36 0.1171643029549178 48 259 47 272 44 234 49 192 50 195
248 4.3387473642711356 -2.4214008432979637 2.3582716889513025 38 33 27 0.83390153494341035 48 377 47 275 46 261 44 297 49 402 50 407
841 3.203183716562815 -1.6440760518332329 2.0999700871070819 245 204 174 0.092404966610291642 37 44 39 43 35 29 32 32 30 91 31 32 28 28 29 21
370 3.7215650300573242 -2.2450925282856966 1.8368764399322934 154 124 98 0.32223759277731617 45 118 48 132 46 141 44 176 49 137 50 130 43 113 42 137 41 147 34 108 38 148 40 97 36 94 37 87 39 75
1358 3.5077478007194531 -1.6476286103951991 3.0511888712589545 148 79 56 1.0267981143821736 25 32 11 30 14 26 25 104 24 95 13 101 9 101 11 117 6 108 20 115 16 36 18 98 17 148 19 73
249 4.5420833120845767 -2.480777045851009 2.7184482206238796 57 48 32 0.44850094321488776 45 225 47 277 48 412 46 262 49 333 50 333 50 409
1867 3.3748998252804818 1.0401947494108397 4.5051553078250492 255 255 255 1.549785218310701 3 201 2 207 1 231
250 4.2503516639425758 -2.2062020845486852 2.0601471699215548 76 66 57 0.24429352757399631 45 226 47 278 46 263 43 208 42 143 41 152 34 162
1263 3.5001894708644992 -1.8698208144805708 3.0702110698763496 161 85 64 0.14944368247171755 25 196 24 207 13 196
380 4.2820806716658844 -2.6006441796646556 2.4289533834637793 83 57 38 0.11386332247197639 45 172 46 197
251 4.2969192706212578 -1.5779314612655924 2.0939744937643896 123 100 79 1.4904207583054387 48 287 47 294 46 163 44 256 41 169
374 4.493469818733864 -0.62883582679999583 3.3348292588247483 88 68 40 0.24298820847117894 45 213 46 177 43 191
253 4.2888981873767413 -1.5396052660313624 2.1166350185212868 124 102 82 0.90705487849441579 48 290 47 297 44 258
254 4.1891474347685858 -1.4621097205432503 2.0982668739959482 245 183 156 0.42024668615432847 45 249 47 298 49 288 42 212 41 272
368 3.9894541073476191 -2.2732562647052554 1.9138663908316249 107 88 72 0.17891671342337587 48 130 46 139 44 132 49 134 50 128 43 114 41 96 40 22 36 95 37 88 39 77 35 15
1356 3.2762607631268708 -1.1926705475243666 2.7005531057997607 195 150 129 0.94131664054693387 11 226 14 210 8 236 9 262 8 225 6 276 20 270 17 276 16 281 18 275 19 301 12 342 19 309 4 299 10 354 15 388 7 357 5 361 3 356 2 361 1 385
255 4.4796298185158498 -1.3798926887111789 2.9543951418172498 27 20 10 0.42843349770774036 48 346 47 304 46 227 44 315 49 354 50 294
257 3.2326145768774457 -1.1810003072537529 2.1960513966483295 239 184 161 0.6740397258337566 45 315 48 298 47 306 46 352 44 264 49 236 50 234 43 302 42 277 41 315 34 313
1714 3.4618391178773451 -1.6282991962856388 3.1076820945718358 188 113 95 1.8283027411357704 12 43 15 44 2 38
259 3.2365381827825668 -1.0517545954735905 2.3262952546950979 183 110 97 0.43096977601662767 45 321 47 310 46 298 43 304 42 278 41 281 34 290
261 4.4905927533786549 -0.74078530112423702 3.1764804000422591 82 58 34 0.32197544161012959 45 325 47 313 46 358 44 276
692 4.5714918605352555 -2.4546095388471705 2.7485621317031721 255 255 255 1.8461639854915119 41 202 34 200
263 4.6458489580076989 0.4808088436088177 1.7862632311924398 15 14 17 1.4298615390801261 45 276 48 362 47 318 46 311 44 329 44 394 49 314 43 258
265 3.1351205810373477 1.5682462372116579 2.6805641603587054 255 255 255 0.31652662055419356 45 281 47 320 44 288
271 4.0299855977959771 -1.9209088840102522 1.9340397353788576 113 88 68 0.22125279422181424 48 331 47 337 46 336 44 303 49 340 50 343
273 4.0480960778461892 -1.3790603360031819 2.1374030554668177 242 190 159 0.22069586362617877 45 309 47 346 44 314 49 352 50 355 43 297 42 274 41 273 34 258 38 247 40 238 36 244 37 231 39 228 35 204 32 203 33 180
1666 3.4748970552465197 -1.778800653111118 3.0310478387236688 224 173 147 0.11749524257422039 12 280 4 240 10 282 15 300 7 281 5 287 3 282 2 287 1 308
275 4.4272533277495469 -1.1664287602109324 3.0472881419455504 70 59 32 0.92546744852781615 45 320 48 299 47 350 46 354 44 320 49 297 50 236
277 4.5739770110756321 -0.95793447102746643 3.0574626902333923 119 90 63 0.45318255465054097 45 264 48 353 47 353 44 323 49 359 50 361 43 249 42 231 41 237 34 189 41 183 38 176 40 127 36 125 37 67
644 3.5980227250748902 -2.3511455139219519 1.9099788688405388 66 52 33 0.19979161374297197 42 12 41 10 34 11 38 12 40 10 36 87 39 69 35 70
279 4.6005380552434101 -0.79397682102104117 3.1871637404608166 38 24 12 0.42137965101727287 45 270 47 357 46 304 34 225
281 4.1937672236026486 0.91414581908399883 2.0815014004778649 33 24 18 0.41090555863111611 45 330 48 315 47 361 46 315 44 334 49 367 50 370 43 261 41 251
648 3.4170360809699849 -1.5669441795913792 1.9922042719972843 76 53 36 0.66779643902296582 42 59 41 55 34 123 40 66 36 52 37 51 35 96 32 41 33 45 33 95 30 33 31 43 26 99 28 41 29 32 23 68 22 74 27 78 25 66 13 26
1674 4.4798993929690987 -0.96156548986244605 3.4175579671579417 255 255 255 1.1109411850062485 10 339 15 379 5 351 3 348 2 352 1 380
283 4.1823522943692275 -2.7460644562439427 2.4709319000465713 158 126 87 0.34437750346885493 45 337 48 375 47 368 46 370 44 340 49 369 43 324 42 293 41 293 34 244 38 263
285 4.4182772869156643 -2.5627782903215657 2.6087784675071553 132 104 78 0.43018455235493019 45 292 48 376 47 370 46 328 44 342 49 370 50 375 43 277 42 254 41 199
652 4.0721595124245455 -1.9682595135446961 1.9439748722309282 105 86 68 0.31067839224290156 44 140 41 105 38 116 47 154 35 87 33 81
287 4.5768406985744576 -2.4533281295410805 2.7544472061898038 255 255 255 0.46280217966460924 45 342 47 374 46 333 44 344 49 264 50 261 43 281
289 3.9502900864181294 -1.4858231711647232 2.0701974742356213 186 140 112 0.24865190560498107 48 395 47 392 44 356 49 387 50 389 43 343 42 307 39 226 32 202 26 171 28 163
592 3.9794181563182764 -1.8769553016869978 1.8893475193099771 130 101 80 0.33313529190938529 45 351 43 336 41 303
1618 3.7095443294241055 -0.59764327635791659 3.4693728619394189 219 169 133 0.40578193759213615 19 86 12 108 10 97
291 4.5474476702159539 -0.9796477022907859 3.0495308925007056 114 88 59 0.25894763159321155 45 365 47 400 46 393 43 349 42 317 41 282 34 266 38 253 40 243 36 208
293 3.4928169770453326 -0.49447436293685482 2.9353218330353261 9 6 5 1.6691092787030406 48 452 47 405 46 396 44 391 49 453 50 458
295 4.4670669059298707 -2.6595056817346383 2.6236638398696166 94 74 52 0.50227014024647521 45 372 48 409 47 410 46 371 45 338 44 368 50 445 43 326 42 294 41 258 34 245 38 227 40 182
297 4.6421361847493881 -1.842182345957057 2.9663494807433848 255 255 255 0.34499666382890454 48 418 47 417 44 376 49 410 50 415
600 4.4873034873858195 -2.4760958737759666 2.6105947833737253 66 50 35 1.2229086070782273 45 421 43 407 42 372 41 346 34 330 38 268
1626 4.4628489853972226 -0.96254549499945719 3.3010273929402389 27 12 3 1.375732924432171 19 263 12 289 4 254 10 274 4 227 15 321 7 296 5 304 2 298 1 298
299 4.0617299737746873 -1.5905889004645937 2.0644595651177706 226 182 152 0.27837245271894612 48 419 47 419 46 409 44 378 49 411 50 416
301 4.0938954868781092 -1.2745519074835148 2.2612439637715473 153 114 92 1.1984495791709568 48 426 47 423 46 414 44 384 49 420 50 423 43 348 42 314 41 314 38 250 41 276
604 3.4222859142370541 -1.0956297968645989 2.1517337493113828 151 108 97 0.32046471063659715 45 204 47 180 46 231 43 140 45 150 46 171 42 115 42 172 41 180 34 186 38 175 40 165 36 123 41 124 37 118 37 160 39 106 39 154 35 153 32 111 33 152 30 153 31 156 26 118 28 146 29 136 23 112 21 121 22 94 27 102 25 111 24 75 13 82 11 66 14 29 9 46
305 4.9204559076540733 1.6190316113136243 2.9357237257432147 53 48 42 0.71474807027527665 48 405 47 430 46 421 45 396 44 399
672 3.8453544700924054 -2.156450078998819 1.8670647033839325 162 127 103 0.11610374707938621 41 27 34 30 38 34
1698 3.2113636611291785 -1.4650359437093787 2.1023578462728763 207 159 138 1.4319472749368209 15 305 7 285 5 292 3 286 2 291 1 314
307 4.3439455340739226 1.8023585445103569 2.0034041363898516 223 170 135 1.4407247231101206 45 399 48 456 47 434 46 425 44 420 49 466 50 462
309 3.3069004173899228 -1.7162902543138105 1.9141402184830603 122 86 67 0.56141576191623654 45 403 47 437 46 428 44 405 43 390 42 350 41 347 34 332 38 316 40 279 36 303 37 268 39 272 35 252 32 243 33 248 30 245 31 250 26 234 28 219 29 226 23 209 21 219 22 208 27 218 25 192 24 203 13 191 11 178 14 176
676 4.0717870292099416 -1.5040920044078763 2.1064428175995538 143 79 56 0.46034208862347886 42 164 34 62 38 72
311 4.6248974969785035 -1.0209287991537637 3.096620559807794 59 45 24 0.75069233636977395 45 391 48 446 47 442 46 437 44 409 49 479 50 480 43 398 42 337 34 316 38 282 38 306 40 264 36 269 37 260
313 4.2365148590571362 0.85449829190588111 2.0501893067575039 201 163 116 0.28882760273123348 48 435 47 445 44 397 49 429 50 432
680 3.8298598416916168 1.6733175379142211 2.214766479545712 48 50 45 0.12159346582633329 45 103 34 88 36 82
1706 3.2304269033944046 -2.0621352995705169 2.0267837337872603 246 198 173 0.35601415010927662 12 313 10 309 15 336 5 286
315 4.1221132821811626 -2.6340636574813843 2.3265321023224081 87 73 58 1.1720770112657708 45 420 47 448 46 448 44 422 43 406 42 370 41 345
317 4.6092828940034316 -1.4963546758933934 3.0078300206916539 30 21 14 0.47171857813482876 45 407 48 463 47 455 46 454 44 426 49 473 50 473 43 394 42 353
684 4.1442530126929213 -1.5310984383968851 2.1407327105295928 235 180 161 0.21388964904377614 41 119 34 128 38 132 40 112 36 161 37 152 39 144 35 145 32 142 33 105 30 114
319 3.5889837994027181 -0.95624100674222823 2.208852658290513 219 171 142 1.5212639593993829 45 431 48 447 47 462 46 460 44 433 49 447 50 454 43 414
321 4.3819954471249023 -0.70286013962766414 3.0673748410000417 255 255 255 0.64446376140898098 48 483 47 464 44 446 49 498 50 510
752 4.5084773597188725 -0.19050330439369415 2.2400640114095616 48 42 38 0.2044796939813856 34 137 40 130 37 120 32 51 33 57
1778 3.224676148462271 0.9871260608191027 4.5418774316195289 139 107 77 1.1231527505885643 15 347 7 318 5 324 10 326
323 4.4557152099149135 1.4982409845982358 1.9502489669713894 255 255 255 0.97265828784756914 48 477 47 469 46 465 44 437 49 485 50 459 37 321 39 304
329 2.8315699318853635 1.3587517129026145 2.9204939251032118 255 255 255 1.5486688282919792 47 484 46 480 44 450 48 497
760 3.0803365232806104 -1.7500611590685651 2.4299585686803802 129 80 58 0.12407463595093048 38 203 40 231 36 260 37 257
1786 3.4334478001507298 -0.36376653291713074 3.5852915700261945 244 202 161 1.4129387098375923 15 383 7 360
331 3.2381058413735482 1.7255420025408166 2.7111968331459306 9 8 6 1.6840706378238786 45 462 48 476 47 487 46 493 44 451 49 494 48 498 50 513 43 440 42 381 34 351 38 367 40 333 37 323 39 315 35 305 32 285 33 283 30 289 26 276 26 282 28 257
333 4.5651662632131043 -0.6328352866259116 3.1918671570346202 44 30 12 1.6827276589950444 45 458 48 495 47 494 46 491 44 459 49 499 43 436 42 389 41 376 34 348 38 325
764 5.0255791564949881 1.1536643528085642 2.1875074012162692 130 112 92 0.14102950703839529 38 256 40 271 36 275 37 246
337 4.214312687451427 -1.603461866540163 2.1285369821278488 216 148 120 0.64142443252844661 45 466 47 499 46 497 43 444 42 398 41 386
704 4.446325250378349 -1.4080677837129472 2.693257054603714 35 27 19 2.2365536518623306 41 394 34 375 40 310 36 315 37 276 35 178 32 108
1730 3.447460717459685 -1.8849661700916864 2.9984283940221919 221 155 130 0.49546664003588869 12 224 15 238 1 257 2 231
339 3.8268136993230448 -0.77436761399207077 2.5818438437302458 233 194 153 1.7199159892583136 45 470 46 499 43 448 42 408 41 396 34 377
341 4.5150322954786457 -0.058854377621081339 2.3020228242666407 233 186 145 1.4973959366478666 45 473 47 503 46 501 44 469 43 450 42 404 43 438 41 391 40 332 36 332
708 4.2098321075583236 1.5366615942630333 2.0964074238003736 214 165 131 1.2052438533605039 45 475 46 503 43 453 41 401 34 382 45 463 47 496 46 494 44 462 49 501 43 441 41 392 38 376 35 319
344 3.5173622133389926 -2.3373391064155609 1.9339292224077846 90 74 53 0.44406895852770889 48 501 47 497 49 505 50 516
553 3.775876613912962 -2.452504312929829 1.9728836962469245 31 24 8 0.11723226969002129 45 14 43 11 42 5 41 82 42 84 34 97 38 99
345 4.22411542602417 -2.7137217766052104 2.4573247920572414 175 135 93 0.5969866527438491 45 2 46 3 48 102 43 2
712 3.5084211786452957 -2.2545162965510239 1.8618132927883 152 117 93 0.1535793472600212 41 18 38 23 40 18 36 13 37 11 39 18 35 75 32 15 33 16 30 14 31 17 26 10 28 10
1070 3.5613331461673292 -2.1034886563089339 1.8128997280596821 198 147 119 0.22304252513410727 28 75 29 67 23 57 21 4 22 7
1579 2.92211148555542 1.2066095415217086 3.7255909170077861 16 12 11 0.3380566103879627 18 74 19 91 12 64 10 100 15 70 7 108 5 108 3 109 1 129
346 4.2244261941505101 -2.7170297060506847 2.4674749437937864 175 135 93 0.50798396464982798 45 3 48 103 46 4 44 105 43 3 34 1
1738 3.281846390842774 -0.95018426727147065 2.3748833504590681 232 182 156 0.86233979555021956 12 316 15 353 5 315 3 316 2 320 1 322
347 3.7976526816703395 -2.4773802280797699 1.99520413939327 70 55 40 0.2784035238871348 45 10 46 10 43 6 42 2 41 80
349 3.8734064394362901 -2.4625675154345115 1.9804816326598793 76 62 52 0.39453464700022689 47 10 46 12 49 9 50 8
1225 3.1620868234212294 -1.268799439588407 2.1351886032246501 140 77 67 0.36441141824528389 27 132 25 76 24 71 13 39
350 3.7355082267127764 -2.4440258320025818 1.9605357275909285 74 65 47 0.39689335302558965 48 8 46 15 49 12 50 11 42 85
351 4.2503452683193057 -2.5635839889011223 2.3758962603818978 76 58 42 0.12441815277988623 48 10 46 19 44 12
1068 3.4669157466302711 -1.6345226244636601 1.9092606959694964 139 90 65 1.5159292332904262 33 30 29 19 13 15
353 4.0623160359966599 -2.3592001496806629 1.9739745590170195 65 50 37 0.17860219333790647 47 30 46 29 44 28 49 28 50 24 43 23 42 16 34 18
656 4.0455392171933218 -1.5041729461885365 2.0868376632404884 237 192 157 0.16554289493611082 43 180 41 174 40 158 36 119
1682 2.9554921922158832 0.013892262276904516 3.5004817389529976 149 112 87 0.88354402785189445 8 43 9 52 13 51 15 68 5 53
355 3.8996150505519922 -1.9930680274311523 1.8534690227887873 121 90 68 0.39982115132403712 47 68 46 67 41 33 37 31
357 4.1396017372628044 -1.8287121989843971 2.0045304118462202 98 79 65 0.18164913182816633 47 78 46 75 49 150 41 41 40 54
660 4.5552499730882356 1.3849837147666972 1.7990533758223939 216 161 121 1.6444142917435152 42 344 41 252 34 236
359 4.4438207484684611 -1.7906301226003691 2.2996405633971091 36 29 22 0.23474119151857434 47 83 46 83 44 144 49 154 50 217
361 4.1584850825045425 -1.7282805083490707 2.0444784215115641 79 54 37 0.20781857604035212 48 71 46 85 49 73 50 70
664 4.9769642794685236 1.675841204430589 2.4371271772203396 146 123 98 0.95527066538425531 42 364 41 355 34 338
1690 4.401170317084615 -1.0827035730055026 3.0944241628746143 73 59 35 0.21712752901049576 12 146 10 154 15 111 7 146 5 147 3 99 2 105
363 3.4097227521333089 -1.1453290516248986 2.1049118675457108 197 150 124 0.25508882782048053 47 104 46 99 42 68 41 60 34 66 37 58 39 57 30 45 31 57 28 115 29 44 23 82 21 46 22 89 25 110 24 73 13 107 11 96 14 58 8 73 9 77 6 80 20 37 17 40
365 4.3128998672800147 -0.3698087596735839 2.6700094616857881 219 176 149 0.82234036283017209 45 96 47 111 49 171 50 89
668 3.7546796000442133 -0.92765781299422534 2.4541706677681003 145 109 80 0.77809433607386347 40 327 36 328 37 317 39 311
367 3.787085036205891 -2.2878417131507538 1.8677633840399226 106 82 61 0.14160080965112271 47 140 46 136 49 131 34 105 38 107 36 93 37 84 39 73 35 76 32 74
369 3.9894541073476191 -2.2732562647052554 1.9138663908316249 107 88 72 0.17891671342337587 48 131 46 140 44 133 49 135 50 129 43 115 41 97 40 23 36 96 37 89 39 78 35 16
736 4.2552715405936077 -1.8397332889633027 2.0590435375233902 73 60 47 0.89026056257455111 43 127 42 44 34 43 38 56 45 64 48 148 47 158 46 77 44 77 49 152 50 146 43 46 42 46
1762 4.4013353667011312 -1.0821242169754772 3.0940217860847903 73 61 35 0.19116908916785361 12 147 15 112 7 147 3 100 2 106
371 4.609691632656288 -1.1035815894815846 3.0226946672848212 111 91 59 0.18712369040585786 45 205 46 172 42 116 41 126
373 4.479582825169695 -0.71714043543044259 3.1605699408675827 76 54 31 0.14006873787055366 45 154 46 176 43 142
740 3.6765482177632065 -2.4208965743763282 1.9635161181137302 57 46 27 0.68543534617475699 34 7 40 5 36 3 40 2 37 80 39 67
377 4.9333032322804513 1.6525178920832337 2.8357443219664966 14 22 28 0.29342238026762363 47 202 46 190 44 165 43 198
744 3.7775937933071977 -2.1979527966088011 1.818046600899951 139 106 82 0.43672976981541672 34 23 40 26 36 19 37 17
1770 4.286578220281049 -1.6880659375220743 3.0936008105923269 11 4 3 0.96931634587060655 15 200 7 232 5 268 3 266 2 273
379 3.8494249838930852 -2.4540123136679668 1.9692052767837365 63 51 41 0.50464861731152011 48 191 46 196 49 115 50 113
381 4.2838779697192635 -2.6116917707139331 2.4598025097056651 83 57 38 0.17208600448200792 45 173 46 198 41 142
748 4.1340363617095583 -1.4255451995631312 2.1296698307931381 202 125 100 0.48818223045469966 34 63 40 74 36 60 39 103 35 48 30 40 31 54 26 105 29 89 23 41 21 43
383 3.8738997374445505 -1.9718050610886111 1.8654960834907217 130 96 74 0.15352870016035014 48 211 46 214 42 145 41 101 34 112 38 112 40 98 36 98 37 94
384 3.337151446141486 -1.5974526037078947 2.0910791411666914 227 183 153 0.11986230348307643 45 193 46 221 43 175 42 158 41 165 34 175 38 163 40 151 36 157 37 147 39 136 35 142 32 93 33 92 30 99 31 105 26 98 28 94 29 77 23 66 21 30 22 33 27 27 25 22 24 27
529 4.5880001134208293 -1.9170666988145624 2.9224699420798697 44 36 26 0.21000167228752728 48 415 49 440 50 450
1555 3.0940465895110751 -1.725767500726751 2.4973098075888851 176 135 115 0.40889579040153945 24 121 18 184 12 223 10 222 15 184 3 164 2 173 1 197
386 4.4906366408182574 -0.16669077503424237 2.2036873312383465 216 169 138 0.47017660859053662 45 159 46 240 44 94 49 245 50 243 43 150 41 132 34 139 38 137 40 131 36 130 37 121 39 112
388 4.3140781038084697 -2.6219937187557347 2.4790333071116102 106 81 56 0.28931696557473918 45 171 47 269 46 257 43 158 42 133 41 85 47 214
533 4.666250543691751 -0.39285329962020304 3.5053851650126799 255 255 255 0.48127410439435403 48 432 49 454 50 429
392 3.321957636147447 -0.8403224523042947 2.4069706828618309 162 109 88 1.271050699837811 45 268 46 301 43 307 42 321 41 333 34 317 38 323 40 305 36 307 37 298 39 288 35 291 32 276
537 4.5865122235169817 -1.7217138346180454 3.0155977676703292 57 45 32 0.1008543587803835 48 461 49 471 50 470
394 4.848497133149376 0.48651068333401626 1.9542246189917747 23 23 25 1.446261116507648 47 316 46 310 44 363 49 177
541 3.1540847224462061 -0.10218775141333028 3.3279396955806742 9 8 6 1.7899109968092486 48 505 49 512 50 500
515 4.275795247609615 -1.5204889888495878 2.1566442416522884 141 107 84 2.1002432473152819 46 165 49 229
398 4.6469932090800974 -1.6416266793017551 3.011800476151421 255 255 255 0.31232259543242047 48 394 46 344 49 349
1635 4.4564457989858983 -0.76418255361550713 3.3988453816492763 90 72 57 0.43124905099535082 12 106 4 44 15 116 10 156
402 2.6828813401666927 1.2162376003491531 3.3343419264130945 255 255 255 2.0483798293335131 43 313 43 382 42 323 42 342
406 4.0479868357379374 -1.7890860483635236 1.9647748234339422 98 72 53 0.25221602650368247 47 385 46 379 49 380 43 338 41 305
408 3.2842045074531576 -1.6546900017533619 2.0492649544106878 175 125 93 0.3148144800862368 45 303 46 384 43 290 42 265 41 268 34 254 38 238 40 230 37 225 39 221
617 3.134738583499483 -1.6336083032088053 2.386430690333865 184 140 120 0.23658825055222546 43 59 42 61 41 56 34 124
621 4.1384543188864278 1.4487413743626831 2.1664878851138178 39 30 25 0.70012611915990475 47 116 42 80 41 72 37 127
414 3.5965611735274727 -0.82600054480696283 2.5923972594420936 109 77 54 0.49638700661166785 45 411 48 357 46 417 44 360 47 402 49 304 43 415 42 387 41 374 34 359 38 354
561 3.2654037450488378 -1.2594805373085998 2.1230801712401481 217 161 142 0.27438849404379873 46 96 43 64 42 67 41 123 42 113 34 131 38 74 33 52 30 44 28 50 29 43
417 4.6762393459998961 -1.6552891394575835 3.1270708241515668 255 255 255 0.55564093137912052 45 383 47 454 46 431
720 4.2923926613039356 -2.0135042506170144 2.1010289448515085 0 0 0 0.21933279342891332 43 40 46 148
1078 3.9292824157116772 -1.9094373444307366 1.9301393319666569 160 123 99 1.2196305999254977 31 232 29 146 23 97
1587 3.7510368421298605 -1.8378286942532061 3.1180814466859013 70 52 33 0.59838979492152355 18 96 19 158 12 254 10 284 15 303 7 283 5 290 3 284 2 289 1 310
418 3.1186088752302328 -1.5226577879433756 2.4117632709800301 230 179 156 1.4089959342696805 45 385 47 439 46 432
420 4.6679483715454975 -0.23176016155173873 2.6041557877298516 18 17 20 1.9979214734951383 46 441 43 355 42 359 41 352 43 416 34 335 38 310
565 3.9969589238144256 1.2489362435402005 2.0647619000154376 13 8 6 0.79321588816601241 46 118 43 89 34 148 36 79
421 3.2136875283435735 1.7082856598960041 2.6603185225066293 9 7 6 0.46338297106607651 48 438 46 444
1233 4.3713421346394359 1.5690120321734671 1.9908193953907602 222 170 133 0.36469416206774113 21 166 25 145 24 151
422 4.5586617605418187 -2.3382698706782343 2.8321954267868197 70 56 45 2.021545600942007 45 423 46 451 50 464
423 3.1622623343193896 -1.445473056602917 2.201365458605689 229 181 157 0.82539631984440898 45 425 46 453 43 409 42 375
424 4.3381266868581445 1.8064138034873483 2.0273824563440854 221 169 135 0.46804966410323173 47 473 46 467 44 419 48 455 49 465 50 461
569 3.5688800493233424 -0.39469390177515845 2.8603465774592776 217 167 127 0.711946834405633 46 103 43 147 42 178 41 188 34 190 38 213 40 210 36 210 37 240 39 238 35 214 32 239 33 243 30 241 31 244 26 228 28 232 29 240 23 222 21 229 22 221 27 228 25 208 24 217 13 207 11 188 14 187 8 198 9 224 6 234 20 233 17 231 16 238 19 238 12 268 4 229 10 276 15 258 7 238 5 239 3 193 2 199 1 165
1595 4.401889236273103 -1.6180264000865112 3.2193319537557858 31 15 7 0.28258515488320191 18 211 19 234 4 224 12 263 10 267
426 4.5409182616369961 -2.3195770228447814 2.7623174932182919 72 60 50 0.6335771564921302 47 491 46 470 44 443
1247 3.1955295398523687 -2.3286675448754695 2.4134100910815537 190 151 128 0.63206870305162743 22 3 24 3 13 3 8 3 9 3 4 1
428 4.7025999445875346 -0.43825811754548766 3.4303426531067815 255 255 255 0.28552410867179639 47 483 46 478 44 448
573 3.9419080058976514 -1.9725105275594457 1.8833939336142449 138 110 89 0.15568518409991053 44 188 50 268 43 167 41 156 34 165 38 156 36 147 30 81
1241 3.576977633028616 -2.1290696527280173 1.8138850989383521 199 151 126 0.84612270350211427 27 254 25 223 24 201 14 130 9 60 6 14
430 4.4617730987522162 -2.3928065858421896 2.4134571375248406 59 45 31 0.59871245688695329 45 439 47 490 46 485
513 4.5557406330639978 -2.1334625961610607 2.6598250459110111 74 64 50 1.2705425551536498 48 60 49 212 50 267
1539 3.477427368283633 -2.0068843841501618 2.9973053734919199 83 64 48 0.49526218882490119 16 19 18 8 12 22 4 13 10 18 15 28 5 18 3 16 2 17
434 4.9864711859356099 1.6780529917998284 2.4814159190454559 145 123 97 0.78316083684466642 47 324 44 221 49 250 50 322
517 4.1040186230887876 -1.5680276287759316 2.0742441978613599 120 53 36 0.13022447271028145 48 288 49 283 50 288
436 4.3121055929465015 -2.7180758205700517 2.5120533193728352 123 92 61 0.34187972626760138 48 104 44 1 49 109
438 4.0174350431065733 -2.5630605770735873 2.1305327899353621 127 108 92 0.31319346318472785 48 2 44 3 50 3
521 4.2824966677072762 -0.84605567439568086 2.7900986788327589 154 126 97 0.96626523719641555 48 304 49 305
440 4.1717163137485489 -2.4407324009673363 2.0745058711619646 105 91 77 0.14740126093809613 47 18 44 16 49 17
1547 2.9462225541686999 1.0930297054357838 3.7943731977933814 60 44 35 0.37423832401384721 17 98 18 73 19 88 12 62 4 96 3 55
442 4.0725728383689042 -2.3847876218776456 1.9914453975073858 61 46 34 0.13505919557644955 45 28 44 24 43 22 42 14
444 4.3341473568712523 -2.4509532328992982 2.414924415915928 38 31 25 0.17798948956075239 47 46 44 38 49 127 50 199
525 4.3688655763243904 -0.18343489412828848 2.2663280569752127 7 7 2 0.051834975413675911 44 328 49 365 50 365
446 4.2947393991375939 -2.3538796971453548 2.1639704406335687 89 78 64 0.28355758338870618 48 129 44 43 49 38 50 126
1830 3.2083024997079437 -1.5727596788676681 2.1641629313585597 184 133 105 0.078269843900744901 5 178 3 173 2 178
448 3.6978923751646149 -2.2013728134045172 1.8054625888904154 165 128 101 1.1183409829946425 45 47 44 55 42 26 46 48 34 22 36 18 37 14 35 13 32 20 30 18
593 4.1813088483378031 -1.3738256220346814 2.1006367406227997 239 180 153 0.24679697625508684 45 361 43 345 42 310 41 312 34 288
452 3.8616505132940548 -1.9873825565806584 1.8644988035506893 157 124 102 0.16486826110443389 48 55 44 65 49 58
597 3.1315926708937627 -1.7116327390347077 2.3554804327725432 91 75 61 1.2391514636001046 41 360 34 353 38 344 40 335 36 337 37 334 39 323 35 313 32 300
454 3.4000714856816412 -1.7056042236670521 1.8658948795859067 154 114 92 0.19268033661720219 48 70 44 80 49 72 50 69 35 22 31 26 26 22 21 10 22 10
1838 4.3826423911260051 -1.4280651671794078 2.9865186998903557 255 255 255 0.51874458536572343 5 95 3 235 1 320
456 4.1273079056755737 -1.1585430928071485 2.3421829605525386 172 126 92 0.017345516952637443 48 83 44 90 50 86
1627 3.1761987030809209 -2.2463384539759286 2.3294359618842759 220 173 145 0.21875363639134332 19 269 12 296 4 263 10 307 7 278
458 4.3649369556401343 1.833194912977212 1.9922348752760857 214 159 124 0.91931516843954553 48 100 44 103 49 253 49 325
460 4.2096758140113781 -2.6075984193434385 2.3579947696752304 154 129 106 0.1590540493105044 48 110 44 112 49 187 50 194
605 3.9399682587965068 -2.2051635577289788 1.857411062587941 130 104 83 1.7829072369274912 45 224 43 206 45 180 48 202 47 219 46 203 44 179 49 202 42 256 34 197 38 187 36 139 39 122 35 131 32 129
462 4.3333762736706731 -2.5834613559174828 2.5187083047982273 49 39 24 0.30958690309126102 48 192 44 119 49 262
1846 3.1427669780023217 -1.7212503407105628 2.2609908293933652 107 63 41 0.10504532509058086 5 358 3 353 2 358 1 384
464 4.2784670741498658 -2.3647370829468644 2.1508093698606205 64 56 47 0.16889539729516045 48 195 44 131 49 196 50 202
673 3.4059362234328456 -1.6454292296728377 1.9330588131657223 133 88 64 0.22295486239386103 42 48 34 44 38 57 40 56 36 102 35 90 33 83 30 22 29 15 22 20 27 11 24 15 13 64 14 44
1699 3.1838112901761653 -1.2387663957527815 2.116052743182375 255 255 255 1.091832166881461 12 184 10 264 7 259 15 280 1 296
466 4.2642229283479089 -1.4691072796873064 2.1292977578889634 137 111 88 1.8306150459377946 45 81 44 151 50 226 43 134 47 172
468 3.511778459696548 -0.84254805905036778 2.6951141533922538 255 255 255 2.0709900876709422 48 355 44 158 49 397 41 239
677 4.3494333168910639 -0.39202990837772211 2.4793016769242593 214 173 146 0.20082955401857364 41 67 46 107 34 77
470 4.1791025421571213 -2.5664312321108018 2.3155096596001483 129 109 89 0.19411314395285295 46 16 48 189 44 172 49 190
1854 4.2600046834343512 -1.6788684685636752 3.1534414832826125 56 41 25 0.30688215536068592 3 89 2 94 1 102
472 4.6223994841442622 -0.43940999179680096 3.4204261419866659 54 40 28 0.43200957081646157 48 306 44 215 49 310 50 308
681 3.9188836084575569 1.7333592764739669 2.2360016037330106 59 58 57 0.27316483278370379 43 92 34 89 38 94
474 4.1540778454988772 -2.5534580651216836 2.2631332364445811 52 47 42 0.43341004436268193 47 212 48 256 44 229 49 329 50 255
476 4.1558050269481672 -1.7594521102461003 2.0278310142285147 91 69 54 0.13512249360832523 48 276 44 247 49 275 50 277 43 170
685 4.4387614876336841 -0.40743811561158538 2.6077252344839366 202 161 132 1.8719715872045932 41 187 34 136 38 82 33 189 31 189
478 4.3457089979277921 -1.1739209539772875 3.0821264633325134 255 255 255 1.0940292621839895 47 181 44 266 49 356 50 396 50 425
480 4.6530837855500344 -0.66236624649440223 3.2563735812183521 56 46 24 0.53782558844313955 45 212 44 277 49 361 50 306
625 3.0924309395808058 -1.2843388582005075 2.0879421467340711 179 127 110 0.16378833519552902 43 138 42 112 41 176 34 180
1651 4.3552295701723516 -1.1347444437712018 3.2240486239641641 23 9 3 0.27660593927372162 19 134 4 130 15 163 5 145
482 4.8487572742588636 0.46912982794743596 1.8809870511686371 19 20 24 1.0807971301410133 47 317 44 364 49 313
484 4.3094256907661155 -2.1222934712665862 2.0911392589229831 90 78 66 0.37016259506732402 47 415 44 372 49 407
629 3.0695894558586412 -1.8625978281178435 2.4697928621613539 131 90 70 1.2873474386323387 42 264 41 265 34 282 38 276 40 257 36 259 37 180 39 177 35 166 32 162 33 170 30 175 31 173 26 236
486 3.4808909334371099 -0.91597992358180191 2.2286483762402183 227 182 153 0.12349918634707607 48 448 44 410 49 448 50 455
488 4.6884068038613886 -0.42873269517995727 3.4016188036376587 255 255 255 0.45829127204460979 47 466 48 472 44 435
633 4.668948348494391 -1.6381440839047505 3.0051014558434206 255 255 255 1.56421407872892 43 393 42 352 41 361 34 310 38 303
1659 3.4939594652591635 -2.3217548281182507 2.9187964290274464 107 86 68 0.21285272345924783 12 218 4 193 10 217 15 233 7 215 5 218 3 216 2 220 1 251
490 3.6173895283053659 -0.90829812686895062 2.578901909362461 147 115 90 2.1068988035624043 48 494 44 458 49 507 50 518
637 4.0821510968845498 -1.1123557134587594 2.3332555795140184 210 165 125 1.2812691435050356 42 406 41 388 34 369 38 365 40 325 38 352
494 3.4054015111531268 -1.0717538799138717 2.1436765222504466 228 176 153 0.40353061567640897 45 364 48 351 46 391 44 321 45 319 47 351 46 355 49 358 47 399 50 360 43 303 42 315 41 316 38 281 36 267 35 242
496 4.3332623196226177 -2.6831726341138697 2.5018602200846929 78 55 33 0.29552299998037196 48 1 49 4 50 106
577 4.9622989528579318 1.3648095128896951 2.6605834829980353 75 66 58 0.31441165925506726 43 197 42 182
500 3.9662413406823664 -1.9577546454390979 1.8720578571387412 79 53 33 1.7769669053385291 44 70 49 64 50 56 38 46 36 33 32 24 47 71
581 3.4417726230550092 -1.1321238747523308 2.0897749646461197 231 186 157 0.23794820401747724 45 258 46 230 47 246 50 158 43 241 42 222 41 232 34 262 38 251 40 240 36 246 37 235 39 234 35 211 32 208 33 223 30 218 31 220 26 205 28 197
502 4.5164103077794042 -1.0170565102772668 3.0269799405376387 98 72 44 0.19975160240194989 45 93 48 87 49 93 41 65
504 3.9706927572766793 -2.5215309975899651 2.0709962931358077 119 104 89 0.20434465720649023 44 7 49 113 42 81
585 3.987007659537682 -2.6783863498826928 2.3083076823702542 255 255 255 1.811956759316141 45 288 43 270 42 250
1611 3.4522638798004177 -2.1876169288874503 2.9289040055939011 76 58 45 0.86587981675479619 17 14 12 15 15 23 7 66 10 113 1 80
506 3.6791961969986509 -2.2798268016148673 1.784863928900549 90 70 48 0.28906373545419284 48 124 49 129
508 4.4802310088602439 -0.79703864312191786 3.1446294511540818 48 27 9 0.17896616310899405 48 172 49 169 50 165
589 4.4869941764068706 -0.73797987643260732 3.151250617686733 81 54 34 0.15083470293674128 45 326 43 309 42 281 41 286
510 4.2920650484305032 -2.393924953580493 2.2203644095149242 86 75 64 0.096577667113883992 48 126 49 194 50 200
512 3.9225020801554962 -2.1147337316002939 1.8702033923901777 122 95 74 0.15030352492843058 44 182 49 206 36 97 35 79
514 4.4147458448144583 -2.0019726337915027 2.2084137160693178 80 70 58 0.42960964619457442 46 151 49 215 50 213
516 4.6005105905931725 -1.879739992136652 2.9521900218767074 41 33 23 0.26603894825738844 44 252 49 279 50 281
518 4.5436534646900348 -1.6882843800927094 2.8730754400350387 38 29 22 0.15418342330469378 48 161 49 284 50 287
520 4.269538884781042 -0.92232433322654794 2.7767289444759009 161 135 104 0.271966854651986 48 302 49 300
522 4.0725682755800729 -2.717929304909239 2.4436072491149932 255 255 255 0.22573777082439825 48 324 49 326 50 327
1466 4.0013164064720197 -1.5289264985510287 3.1538709543554306 47 31 18 0.23789397574879126 6 246 20 255 17 266
523 3.2453827149278176 -1.6301738956818259 2.0846815812119046 195 148 114 0.10741538631394142 48 338 49 345 50 348
524 4.2818134819785953 -1.6323716008480671 2.1173064747577821 146 110 87 0.3342682653262809 48 286 49 346 50 387
526 3.5469059437827206 -0.83407498827566295 2.5437144807250665 255 255 255 0.4700465461899076 48 430 49 398 50 427 49 423
527 4.5847071342343941 1.4198482052306569 1.9092140533476432 217 161 121 0.21854065986153501 44 400 49 432 50 441
528 4.5847071342343941 1.4198482052306569 1.9092140533476432 217 161 121 0.21854065986153501 44 401 49 433 50 442
530 4.1681485985340974 -1.7375383861633049 2.0719700422220533 84 61 44 0.28952494999722095 44 374 46 405 43 341
1410 3.4568794210745826 -1.5147686065723867 3.0112048637190028 46 31 25 0.13725935470225803 14 28 6 42 20 35 17 39 16 38 18 23 19 28 4 28 10 32 15 46
531 3.2152501794509547 -1.5532817426638288 2.1392945759981239 223 172 141 0.34393812893057413 48 442 49 442 50 419
532 3.5839876648658047 -0.6015248519771097 2.6185921074944787 255 255 255 1.1507574077503668 48 431 49 452 50 482
534 4.0982857805580313 1.4815443596651867 2.2141826342606659 32 25 23 0.397014561116176 48 454 49 461 50 438
535 4.3885749586263323 -2.8019820847905992 2.7601555014889341 0 0 0 1.9517724304943314 45 419 46 447
536 3.2991978727668863 -1.7103843230054985 1.9464810310245118 133 96 76 0.73224228155096915 48 481 49 469 50 467
538 4.3064516024766686 -1.0985117067393506 3.0381565859160355 255 255 255 0.19843140363336251 48 470 49 492 50 496
1418 3.2475645161396849 -2.3722358267075339 2.4406458964172297 165 128 104 1.4868689352823419 8 116 6 128 5 57 15 1 3 56 10 106
539 3.079860079158121 -1.641105758463377 2.2580079270650764 255 255 255 1.3608130867906372 44 455 48 490 49 495 50 489
540 3.5807160434670275 -0.18130385179096378 2.8257986722046113 232 180 133 0.89095423829694409 48 506 49 511 50 520
542 4.5957806512192914 1.4287562855026261 1.897094410788585 217 161 121 1.3309572416955759 47 204 48 407 44 366 49 322 45 283 47 323 46 323 50 404
543 3.6709388585468057 -2.3202211621044651 1.8698122152707883 79 58 37 0.15361109461323877 44 126 50 27 43 105
544 4.0279797947537066 -1.9695597618560916 1.9283430788421989 74 54 37 0.060314943371976487 45 60 50 54 42 37
546 3.8089417164549286 1.6558685979673293 2.2214693142886794 34 32 26 0.30005734177669435 48 180 50 99 43 90
1362 3.4614809036009873 -1.7425048590293506 2.9673513614347886 85 23 9 0.65815680169858237 13 32 8 26 9 34 6 74 20 72 17 80 18 94 19 111 2 27
547 4.2731805751837175 -2.5244644608145372 2.4343704868586844 95 81 65 1.1260169232688981 48 16 49 25 50 117
1879 3.4258529798928663 1.6631816873044556 2.5073011471574738 12 8 7 1.4924262181071264 3 340 2 345 1 370
548 4.6885984080110568 1.4344862127767324 3.6166693173608242 20 19 21 0.52281089276486548 48 403 49 318 50 316
1873 4.0600996516981702 -2.211849487016698 3.0683090563449533 24 18 12 0.67208810042321376 3 223 2 259 1 306
1216 3.9032309665444243 1.7233133812951555 2.2307585949997488 60 58 59 0.53313766567191656 28 157 21 96 27 56 39 209 33 231 26 191 28 182
550 4.5636295792528685 1.3978074676773422 1.9243755139977585 221 165 127 1.4216137797274662 44 452 49 483 50 503
551 4.3533558772051997 -2.686521291807757 2.5182812068112441 111 86 61 0.8809363747460931 45 11 48 107 47 123 46 9 44 110 49 112 50 188 47 121 46 121 49 182 43 8
552 4.0412039891213727 1.8358329049050277 2.2450562026658845 255 255 255 1.6437965048666219 47 489 44 454 50 506 45 437 47 472 44 440 49 464 43 420 43 433 42 382 42 397 41 367 34 373 38 342 38 361 40 320 36 334 37 315 39 316 32 296 33 282 30 283 31 282 31 289 26 264 28 256 29 257 23 247 21 250 22 241 27 236 25 216
554 4.2898200189067381 -2.0070912517117949 2.0735762165525693 42 33 26 0.44517277506593195 46 149 43 41 40 39
1370 2.7761317554750762 1.0693346025841659 3.9824243273891358 203 154 119 0.19379663671146061 11 74 8 48 16 90
555 4.0973780430373221 -1.7751454267677764 2.0021271995154444 113 88 71 0.036946926207117342 47 80 43 47
1887 4.3519020997513636 -1.3642772225538011 3.2087276968175966 15 5 1 0.18083103996207539 17 126 16 115 18 152 19 172 10 190 15 205 7 188 5 191 3 186 2 190 1 214 10 147 7 140
556 3.0671555199219869 -1.8431495469790193 2.2188922584703143 226 183 161 1.3343869144524554 41 213 38 234 40 255 34 252 36 257 37 255 39 271 35 251 32 242 33 247 31 264 29 245 23 236 21 240 22 229 27 241 25 224 24 222 11 198 14 190 8 205 20 238 19 247 4 235
1881 3.0725496728214825 1.61544342901627 2.9747873104445111 255 255 255 1.7178384071088715 3 362 2 357 1 372
1224 2.8801167475354901 0.37271254583613067 3.6238071076552942 32 17 11 2.0552058437504943 40 244 25 41
558 3.5319013775515491 -1.5753385450905877 1.9222583426193096 184 138 114 0.15299880278997671 49 77 43 55 42 55 34 52 38 64 40 65 35 38 32 40
559 3.4311474848529739 -1.5590542725127583 1.980907408202802 185 146 130 0.21707697641344617 46 91 43 56 41 115 34 57 40 108 36 111 37 52 35 97 33 96 30 101 26 100 23 32 27 33
560 3.3963540299171391 -1.5556919373388605 2.0177409379221118 184 136 113 0.2689407870760398 45 78 43 58 42 60 41 116 34 58 38 68 40 109 37 106 35 98 33 97 28 96 13 29 11 27 9 29 20 23 17 32
562 3.2638977436410572 -1.1268038275772221 2.1702742408268669 187 93 88 0.18316340350804231 45 88 43 68 42 69 34 67 38 77 37 59 32 47 33 53
1442 3.4379085494785735 -1.4792776476718983 2.9120580757304753 173 126 99 0.17064698750600968 6 43 20 77 17 83 19 75 12 97 19 76 4 76 10 76 15 98 7 132 3 130 2 131
563 4.2325019911325654 -0.32309139795756453 2.8211836048853889 219 179 148 2.2494781032503983 50 90 43 82
564 3.5783434509079082 -0.072141362592035463 2.6465732504181756 32 21 18 0.30304232482510707 35 60 30 55 23 47
1232 3.4960456724913485 -1.4792694454031066 2.9588808808288083 212 158 136 0.59046020300685798 27 161 25 132 24 135 13 166 11 146 14 163 8 180 9 217 6 226 9 197
566 3.8003723255503683 -2.3822556870033686 1.9138955703524414 91 77 63 0.069179903081312694 45 108 43 101 34 98
568 3.5706095016571071 -0.40300479906660397 2.8781358149960128 217 167 127 0.41616514796631754 46 102 43 146 34 227
570 4.4590875604205582 -0.19241755997684437 2.2272984645765637 53 51 53 0.33566055768255143 47 192 43 148 42 180 41 131 34 191 38 179 40 168 37 163
572 4.1606774140658516 1.3877034410395488 2.1450273115768699 133 100 76 0.53559194694973888 45 100 43 153 40 174 35 157
1240 2.5675476337359213 1.3989728638391492 3.5678270768826708 255 255 255 0.53617809624967439 22 224 27 215 25 220
574 3.3781500120671426 -1.5453813709599138 2.0585089274763231 184 132 105 0.1514749555652346 45 198 43 177 42 161 41 170
575 4.6406976256623871 -1.465296879579471 3.0278970919543995 31 23 15 0.4931500420054809 45 252 43 181 42 215
576 4.6097186618636883 -1.1108303545445779 3.0365659690893176 111 89 59 0.9419307239099648 45 206 43 185 41 127 36 70 39 61
578 4.0825048435501987 1.6127601077826528 2.2397721401076951 17 13 10 0.42590701818096421 45 221 43 200 42 243 41 196 38 182 40 175 36 177
1522 3.4373396442362445 -1.4682079789827076 3.0167403902819951 209 144 127 0.29984090435272981 17 184 16 191 18 191 19 218 12 233 4 202 10 231
579 3.658087430129445 -2.3610075794164831 1.8952521154714073 103 87 66 0.29522400013792854 44 235 43 204 41 197 38 186
580 3.1871930191532005 -1.1628498219198278 2.3160304975255515 169 72 67 0.20653198417940385 45 317 43 240 42 221
582 4.6261108191764215 -0.88227286280420125 3.1403357731308517 79 61 38 0.65847352170596762 46 300 43 251 34 224
584 4.1010525262121496 1.8198590038803202 2.2639514833210974 255 255 255 0.98025976840524243 45 285 43 268 42 326 38 224 36 278 35 249 28 183 29 185 21 174
586 3.8908535529003312 -2.8765639992324123 2.8162670995678325 255 255 255 0.74779306041947513 45 289 41 256
1530 2.3878713340090894 1.0150589392119376 4.0893908790976248 202 150 112 1.9627859707398259 17 233 16 240 18 238
587 4.3593730227750029 -2.6051392726175018 2.5327961967451973 36 27 18 0.7753818793541507 45 339 43 275 42 253 41 198 34 157 38 103
588 4.6372609841603971 -1.8316811455518203 2.9608479448629095 255 255 255 1.4166093154273032 45 380 46 383 43 292
591 3.9471535398069966 -2.2126951666228121 1.8795555186234485 124 98 78 0.37696905570181921 47 372 43 329 39 169
598 3.870618396549705 1.7967751108450631 2.2741678620262777 16 12 8 0.64684763951765445 47 432 43 387 34 324 40 298
1828 4.2133955801250469 -2.804502655683454 2.6839555328544278 98 75 51 0.21279033645702922 5 157 3 151 2 160 1 248
599 3.180563099516557 -1.739499363347254 2.0880849848901253 229 185 158 1.3288416525763709 45 405 43 391 42 374 41 359 34 344 38 343 34 352 40 321
1323 3.1713419252121819 -2.1263046281948488 2.6276875880046711 176 138 118 0.21340241178997951 13 92 11 80 14 92 8 121 9 125 6 132 20 138 17 137 16 130 18 123 19 207 12 162 4 144 10 218 15 176 7 164 5 164 3 158 2 164
602 3.4556481226793245 -0.98501430978468818 2.0865879378334431 232 189 160 0.94177738189303251 45 457 43 435 42 401
1482 4.320232960542997 -1.4318711371702162 3.2155411960419196 54 31 10 0.18352376405364729 20 88 17 93 16 114 18 109 19 127 12 141 4 125 10 145 15 156 7 139 5 139 3 134 2 141 1 159
603 4.1188113364120884 0.79056258408802649 2.0467265694870118 21 17 16 1.5350103701140096 45 460 43 451 42 411
606 4.6562345972369616 -1.4115769886960376 3.0240239864023146 255 255 255 0.42416739481046334 45 312 46 347 43 300 47 301 49 290
1836 3.6385354536888586 -2.3318998566045774 2.9800984111721873 107 86 64 0.19052747068727 5 223 3 220 2 224 1 252
607 4.3719808179733679 -2.7906260746858993 2.6144307312342301 61 47 35 2.0912466373374428 45 336 43 325 48 457 47 408 44 421 49 467 50 463
608 4.5744179410474572 -0.95613884683830652 3.0592396866612397 73 56 38 0.40793496919030736 45 265 48 354 47 354 44 324 49 360 50 362 43 250 42 232 41 238
609 3.4777183125852735 -2.4165005750452715 1.993722835464192 77 63 44 0.73848945674859223 43 15 42 7 40 4 36 2 37 1 35 0 32 1
610 3.9003412134965774 -2.2151595700500462 1.8700761803261301 128 103 82 0.090155294007531445 43 33 42 29 41 24 34 26 38 30 40 30 39 25
1426 3.2790455637960578 -1.264220383457116 2.1116550687334943 241 194 169 0.47473624671660264 9 216 6 213 20 227 17 183 20 209 16 148 18 144 19 166
611 3.9277276076194285 -2.2022730940209554 1.87768243623335 138 111 90 0.33061460549490551 49 46 42 30 36 27 37 25
612 4.1278763568632915 -1.8381208225651988 1.9866150131114604 57 40 25 0.31106855560148317 45 132 42 41 41 39 34 40 38 53 40 51 37 35 39 33
615 3.3660104824302182 -1.6101137034647108 2.0695339722553783 112 65 45 0.18865630734602148 43 54 42 54 41 54 34 53 38 65 40 105 36 105 37 103 39 93 35 39 32 91 33 41 30 96 31 101 26 42 28 36 29 30 23 27 21 27 22 32 13 20 11 20
616 3.3569320994536249 -1.5940567401265995 2.072013123114202 137 90 65 0.5897027738324917 46 89 42 56 34 122 33 143 32 138 30 146 28 131 29 193 32 166 23 100 23 129 22 136 27 118 25 94 24 88 24 124 11 110 14 135 8 128 9 131 6 138
618 4.1473465041714324 -1.5318883614007128 2.1476873010201465 236 181 162 0.093683725308387311 43 61 42 65 41 120 34 129 38 133
1434 3.1881986797771997 1.6998640746195306 2.6280003632611053 7 6 4 1.1873772480331097 24 242 13 239 11 222 9 252 6 260 38 332 40 319 36 324 37 314 39 309 32 286 33 284 30 290 31 291 26 283 28 266 23 267 21 272 22 264 24 253 26 277 28 258 13 247 11 233 14 217 8 232 9 258 6 271 20 259 17 262 17 274 16 265 16 278 18 261 19 289 12 312 4 280 15 362 7 321
619 3.2216886878429474 -1.1253277032236215 2.2071643636269722 165 72 71 0.26681067783967061 42 70 41 62 34 68 38 78 40 123 36 64 37 117 39 105 35 109 32 109 33 115 30 127 31 123 26 114 28 116 29 101 23 83 21 87 22 90 27 100 25 80 24 74 13 80 11 61 14 59 8 72 9 76 6 79 20 36
620 3.3189783233454806 -1.0951874226314924 2.1746271297988131 205 106 103 0.15262127871548012 45 90 42 71 41 63 34 71 38 79 40 77 36 68 37 64 39 58 35 51 32 50 33 54 30 47 31 60 26 60 29 45 22 47
622 3.767651198331543 -2.4082794910512129 1.9378193843307718 78 70 55 0.24035068709516183 43 100 42 88 41 83 34 152 38 145 40 93
623 3.7504647085854534 -2.1157124644470735 1.8265749643337412 197 158 132 0.2109321774909525 48 135 42 101 41 99
624 3.7505482455714945 -2.1153999592352224 1.8260561281051699 197 158 132 0.18687809987197965 48 136 42 102 41 100 40 33
626 3.1608359869324003 -1.5930331964202475 2.2779864001183707 177 128 104 0.81304532185709766 43 60 42 160 34 217 38 244
1506 4.3429613890331087 -1.5506806409864831 3.2113488545087523 132 97 62 0.35053526748785369 17 44 16 45 18 27 19 34 4 83 10 89
627 3.1243683872382966 -1.2821725200415564 2.0820578874950755 214 159 145 0.58220413530564041 43 137 42 166 41 175 34 178 38 169 40 161 36 165 37 156 39 148 35 149 32 146 33 150 30 151 31 152 26 143 28 105 29 90 23 76 21 81 22 43 27 38
628 4.0095488678413584 -2.6170623004820799 2.2277057906164237 95 79 61 0.40913361703534484 43 273 42 189 34 151
630 3.1230392624596903 -1.6804933153307153 2.403191662136305 45 30 20 0.76713198723777776 43 229 42 270 41 308 34 284 38 299 40 282
631 4.1093881261925107 -1.5577938455637255 2.0972936588276445 118 42 19 0.039016628238308926 43 293 42 272 41 270 34 256 38 242 40 235 36 241
1514 3.4725440037413198 -2.4717894117407613 2.7935464001007628 71 54 38 0.93504779622211787 6 96 16 125 19 202 12 157 7 160 3 149 1 176
635 4.451251151485371 1.496338530226379 1.9239559773159169 255 255 255 0.23951120278881466 43 431 42 394 34 363
636 4.4529288418208246 1.4996764948688552 1.9403134543995182 255 255 255 1.0840801027765221 43 432 42 395 41 366 34 364
638 4.3015463055268039 -0.42864140724440963 2.9214325252814182 225 179 137 1.2603825378653037 45 472 42 410 41 397 34 378
639 4.3150396127803923 -2.6771496604841634 2.4936289455109586 144 111 77 1.2210190787482256 42 82 45 9 48 108 47 125 46 123 44 109 49 183 50 191 43 7 41 2 41 4
1299 2.7941565698510402 1.2966584991288785 3.4110705163960398 33 26 25 0.49247948561197569 24 196 31 76 13 186 11 168 14 170 8 185 9 206 6 218 20 215 17 211 17 236 16 220 18 217 19 240 12 275 4 259 15 297 7 272 5 276 3 275 2 282 2 304 1 301
642 3.756035838238875 -2.3659413409135497 1.9009057538340182 69 52 36 0.13570611953167536 45 25 41 6 38 6 36 85 37 5 39 8
643 3.5974677213503039 -2.350446803612726 1.9077107374241753 66 52 33 0.23063782614792147 42 11 41 9 34 10 38 11 40 9 36 86 39 68 35 69 32 71 33 70
645 3.7858502825405802 -2.0551713099907722 1.8331087370968402 193 154 129 0.061542950585616707 48 49 41 28 38 40
646 4.1300538291345283 -1.840114052997726 1.9915962405755558 59 42 26 0.25870396140367047 42 42 41 40 34 41 38 54 40 52 37 36 39 34
1812 4.3004545309893931 -2.3760358272457025 2.9986927953726248 106 81 58 0.28948699832277014 7 223 5 226 3 254 2 229 1 282
647 3.3513885629873856 -1.614735970955278 2.0743707290674616 191 144 120 0.0864410661978742 45 75 41 53 34 51 38 62 40 64 36 48 37 46 39 47 35 37 32 39 33 40 26 40 28 35
1822 3.4720258301640472 -1.4259866742470384 2.9271120840004312 125 82 60 0.13093199401722166 15 51 3 39 2 45
649 4.1499759289557012 -1.540575189285661 2.1112033869917002 168 98 70 0.38870549950062477 42 64 41 58 34 61 38 131 40 156 37 151 39 143
650 3.8259109835403637 -0.14471216210399129 2.4160316440755687 25 15 10 0.6589950351904631 45 97 41 68 36 74 38 87 37 72 30 51
651 3.7590982270907385 -2.3649131720371401 1.7969991404704269 0 0 0 2.9566571214706618 42 83 50 196
653 3.1533873901993452 -1.643326188799334 2.3153815709273999 164 139 125 0.38983119718317211 42 57 41 114 34 55 38 126 36 158 37 148 39 182 35 172 32 167 33 175 30 178 31 176 26 197 28 190 29 149 23 176 21 182 22 179 27 183 25 159 24 161 13 159 11 141 14 100 8 126 9 129 6 135 20 141 17 143 16 135 18 131 19 105 4 110 10 125 15 89 7 80
654 4.1507223807406834 -1.4747226202370227 2.1493378792546451 250 197 170 0.15809485459114436 42 111 41 121 34 130
657 4.3104227884207695 -1.6332802695836575 2.1267150565997861 86 69 53 0.38133015489392896 42 269 41 218
1379 3.5385806419581263 -0.54487169627002419 3.6944926500861111 255 255 255 1.2479584625369371 13 205 8 163 9 152
658 2.8450416120293616 0.23559354459713908 3.7344772923339984 221 177 135 0.4032257780630214 42 237 41 244
661 4.1313457728040461 -1.6627764841390142 2.0041151389184066 241 187 164 0.18542689383137401 45 302 41 267 36 238 37 226
665 4.5205853760393317 -0.35819611964208886 2.6889266069616498 29 26 26 0.902893649580499 42 358 41 363 34 349 38 336 37 320
1387 3.4391370394594416 -2.4694086126528503 2.7446185221979329 53 39 24 0.80663030152283566 8 117 9 121 17 100 16 124 18 122
666 3.5406057698522053 -1.494122612730904 2.0492090747705149 0 0 0 0.4008798975705764 42 399 46 488
667 4.6389432954829672 -0.49746308196454786 3.0448551448189516 255 255 255 1.7326973435726323 42 390 41 377 34 361
669 4.0732904282678071 -2.7345011359689262 2.3865441423802447 255 255 255 1.6497937536259775 46 426 43 359 42 327 41 344 45 438 47 475 46 469 34 329 40 299 36 279 37 131
1331 3.8546740965545427 -1.686403460394901 1.8575383546397983 255 255 255 1.6770811402951709 25 254 8 190 9 213 6 206 20 111
674 3.1108768489871843 -1.7094424379669853 2.3257641327132768 185 139 115 0.46164148837280761 41 50 34 49 38 122 40 61 37 99 39 87 32 88 33 84 30 92 26 138 23 99 22 107 11 84 8 92 20 104 16 98 18 86 19 104 12 82 4 108 10 67 15 85 7 123 5 75 3 71 2 81 1 37
1490 4.4644695827431473 -1.2986435833317049 3.3070072039214984 255 255 255 1.0293590814645268 9 146 17 158 16 196 18 156 19 175 12 191 4 171 10 193 5 238 3 237 2 191 1 268
675 3.4080380168848801 -1.5962735285861693 1.9904328491893817 40 25 16 0.17715987283385984 41 52 34 50 38 63 40 63 36 46 37 45 39 46 32 38 33 88 30 29 31 40 26 39 28 34 29 29 21 26 22 31 25 19 24 25 11 22 9 27
678 4.0945409589637247 0.59204967318647461 1.99536461049254 41 31 24 0.22886192495059554 42 77 34 79 40 85 36 76 37 75 35 61
1844 2.960795125339891 1.0935995758726964 3.9021131783924168 205 158 122 1.4655854152724466 5 345 3 337 2 354
679 4.1851698208553838 0.71911113782151381 2.0215490870005812 152 116 88 0.16300118155523097 41 69 34 80 36 77 35 62 32 55
1498 3.7553947305419588 -1.6081769186737249 2.9983443531062495 158 117 101 1.5910726193583968 20 253 17 265 16 267
683 3.0656737917280972 -1.7884699826817636 2.3401405192888505 192 148 127 0.41313903176009237 41 43 34 119 38 161 40 194 36 189 37 224 39 219 35 235
686 3.5639914366176484 -2.3083843822324939 1.8747757576913098 94 72 51 0.11697144951477267 41 144 34 155 38 146 40 137
1852 3.9599765973398364 -1.5340712010553623 3.1473006678210274 62 50 42 0.27350631113388157 5 37 2 46 1 58
687 4.0986616920054315 -1.8163608894575791 1.9919379577299621 61 40 25 0.22308036479687571 41 158 34 168 40 147 36 100 37 96 39 83 35 88 32 83 33 82
1283 3.4948481128161317 -1.6769717547999066 3.0305529556734494 157 101 83 0.35282398609230842 24 67 13 75 11 57 8 67
690 3.9515779840337739 -2.2323061229204808 1.9084826982342724 0 0 0 0.1716103626952874 47 276 48 262
693 3.3923052992752036 -0.49268466782309017 3.7008926301479907 8 7 5 0.71283247014925299 41 241 34 226 40 209 36 209 37 198 33 190 30 190 26 182 28 171 23 152 21 161
694 4.5552499730882356 1.3849837147666972 1.7990533758223939 217 162 122 1.6444142917435152 41 253 42 345 34 237
1796 4.390299117976717 -2.1972634102236412 3.0656704500610359 122 93 68 0.26796943783920796 15 37 5 23 3 25
695 3.1161590362887854 1.4743045565333501 2.388475359435323 255 255 255 0.44818250112976954 41 322 34 240
1806 3.9292528334542371 -1.6666853724911914 3.1488455009600846 63 54 44 0.19400650109276471 15 100 5 130 3 129 2 130 1 207
697 4.5055528782196426 -1.2345690077619249 2.9209762207515144 30 17 6 0.45337710947223125 41 277 34 263 38 210 40 164
1291 3.341230092355099 -1.0724333912958901 2.1787093604317209 211 114 108 0.16081263316624494 25 135 13 139 8 110 9 112
698 5.0164187782577372 1.1900563743067307 2.2820934626289602 255 255 255 1.1056025031418557 46 250 34 297 38 290 36 299 37 286 39 282 35 264
699 4.5617130637214736 -2.4264368615391034 2.6569203753416017 255 255 255 1.5678514437268156 41 324 34 305
700 4.0973971392291162 -1.7029933719362711 2.0279405513436517 81 54 35 0.41512897776310881 41 326 44 375 46 407 34 306 38 298 40 280 36 283 37 269 39 273 35 237 32 233
701 4.9753330847475077 1.6833572750004824 2.4300926350342982 147 123 97 1.2897814834941439 41 356 34 339 38 328 40 297
702 5.0643050598395618 1.2899973726445488 2.3310168789703258 255 255 255 1.2922719753007734 41 379 34 362 38 357
1804 3.6287038102103644 -1.8172736049448261 3.111679999475764 158 125 101 0.12452506841098421 7 84 5 124 3 168 2 236
703 4.2144408853122215 -1.6208353085637521 2.1441200943704133 234 184 157 0.75204922581463129 41 385 34 366 38 347
1878 3.0744200698039683 1.3249809150463232 3.8590435699782621 255 255 255 1.9814004938044318 3 342 2 344 1 369
705 3.4857134461728858 -0.24168187897224805 2.9614531071696177 241 186 146 1.4751249114397371 41 398 34 379 38 373 36 347 37 338
1363 3.2611672392891928 -1.444984271698682 2.0809909330913907 229 180 157 0.97215594637063418 14 76 8 27
706 2.9862845160206222 1.4831218888307891 3.1622828527016797 11 9 9 1.8851336645897789 41 400 42 413 34 380 38 374 40 344
707 4.1963604180944429 0.7548800701182834 2.0194103481356906 161 121 85 0.60006964414888064 43 260 41 250 34 234 45 215 48 247 47 259 46 244 44 218 49 247 50 176 43 194 41 189 38 217 40 170 40 213 36 173 36 215 37 203 39 162 39 201 35 186 32 153 32 183 33 158 30 158 31 161 31 192 26 155 29 140 23 119 21 125
709 3.2084645931983533 -2.2530575571379279 2.1172028731868351 240 194 169 0.8239078177201743 42 139 34 198 41 200 34 247 38 229 40 250 36 253 37 265 39 270 35 274 32 255 33 258 30 258 31 274 26 266
710 4.4443415278936307 -0.40574914130895229 2.5376208391065993 37 29 28 0.40565134501331873 48 241 46 104 44 217 49 244 43 80
1876 3.8598521918452264 -1.183114346116575 3.0431084354936844 171 134 96 1.5207708549957337 3 314 2 318 1 354
711 3.8646259739229594 -2.4389204409693956 1.9753231273273024 106 93 80 0.12647822777845605 41 3 38 4 40 3
1061 4.1067908336783692 -1.7014796462614699 2.0333230597806287 107 77 57 1.4978516595064526 26 237 28 222 29 231 23 177 21 142 22 139
1886 3.4908632842172644 -1.946529632207912 2.9899520890963203 92 61 43 0.5784167513011137 3 70 12 122 2 119 1 87 17 177 16 185 18 128 19 211 12 222 4 194 10 221 15 237 7 224 5 228 3 225 2 230 1 193
713 3.8888144198861956 -1.862177038950072 1.8986916275592147 182 147 125 0.10903975519149645 45 131 38 50 32 27
714 3.3822472248034954 -1.5998669430675228 2.0374875265502079 128 99 84 0.093334197677559128 34 54 38 66 36 49 37 47
715 3.1912621994373778 -1.2887906578122115 2.0950248935048621 62 14 9 0.43755206577724992 41 59 38 73 40 75 36 62 37 57
717 4.3032290825732371 0.86443524199375577 1.9619910581694957 223 177 137 0.16754838976694622 43 87 38 89 40 87 37 76 39 65 32 56
718 4.1446903074696397 1.4647909194106858 2.1543082730772465 108 83 67 0.41267447434204924 34 85 38 91 39 118 35 66 32 124 33 129 30 136 31 135 28 152 29 111 23 120 21 94
1884 3.4706313672190845 1.1945383566451582 4.4621649719505339 138 115 98 0.15849617596360693 15 224 1 237
719 4.0208565412719857 -2.3670407558899469 1.9588612462198873 100 86 69 0.47158830100629467 34 100 38 102 37 8 39 16 35 10
1069 2.6214694890527306 1.3845001233317487 3.5597323563285124 198 141 111 0.21104408365908275 28 66 29 58 23 51 22 58 27 58 25 47 24 49 11 39 8 50
721 3.3984951458600001 -1.5731576550053059 2.0157098170459884 77 52 34 0.26518375271282485 42 109 38 125 40 106 36 110 39 94 33 94 25 64 24 62 11 54 14 21 8 22
1443 4.3062866101686801 -1.4696064646006683 3.2168896724592413 101 74 48 0.3574182039781082 6 86 20 85 17 92 16 82 18 108 19 126 12 140 4 124 10 144 15 155 7 138 5 137 3 183 1 213
722 3.1551233915340382 -1.644734784772484 2.3092881026351932 178 149 143 0.20456652684118729 42 58 38 127 40 107
723 3.1775726962519228 -1.2553888148373411 2.1849934554001798 134 80 65 0.16462368864597027 34 132 38 134 40 118 36 166 37 158 39 150
725 3.1217071797328901 -1.6386357110849785 2.4730447037896264 173 123 96 0.54337329340023799 34 60 41 173 38 166 40 201 36 240
726 3.257055260274603 -1.1473297156162408 2.1703066565043718 185 91 84 0.33784734346881579 42 169 38 171 37 159 30 185 31 185 26 178 29 164 21 155 24 100 13 136 14 111 8 133 9 142 6 149 20 153 17 153 16 152 18 105 19 122 4 121 10 142
727 4.2301307216518911 -1.5459939613699694 2.0880110274269836 208 129 104 0.23391933768840914 47 344 38 205 40 202
1077 3.4600850448948619 -1.8073184582886512 3.0271933242093696 216 165 142 0.80163190496359082 28 136 29 129 23 135 21 143 22 181 21 185
1451 3.2254230200925011 -2.1893246397420301 2.6779158376979071 126 98 78 0.4162996662078976 9 123 20 136 17 135 16 128 18 181 19 203 12 215 4 190 10 214 15 235 7 217 5 220 3 219 2 222 1 184
730 4.6673711537269629 -1.4040052651869916 3.0182649523787108 255 255 255 0.22089246592429554 34 312 38 279 40 262
731 3.1492742069924486 1.6192910741071564 2.7935398601389929 255 255 255 1.2458019399388305 34 87 38 294 40 276 37 292
733 3.2032185799168187 -1.1324349572595807 2.6356960066251838 255 255 255 0.79814678228066671 34 315 38 322 40 312 36 318 39 310
734 3.9700403970019145 -1.9582906227039034 1.8715218854402145 73 49 29 2.0368859133175592 48 144 47 70 38 45 44 69 49 63 50 55 36 32
735 4.2552715405936077 -1.8397332889633027 2.0590435375233902 73 60 47 0.89026056257455111 43 126 42 43 34 42 38 55 45 63 48 147 47 157 46 76 44 76 49 151 50 145 43 45 42 45
1085 2.8715291121367388 0.85372214755083364 3.7004491331892537 6 4 2 1.2387886996164255 31 71 29 171 24 81 13 88 11 125 14 118 12 198 4 179 10 200 15 217 3 196 2 203
737 4.1310176576367752 -1.5750316276453096 2.0812082886039507 241 198 173 0.40807884612907763 41 167 34 176 38 164 45 247 47 296 46 284 44 257 50 221 43 232 42 210 41 220 34 216 40 154 36 160 37 150 39 140 35 103 39 100 32 101 33 103 31 109 22 37
1395 3.4800515360347219 -1.509645061837104 1.9958501468001986 232 179 148 0.20620266797967793 8 174 9 176 6 183
738 4.6526570719977638 -1.1811155275017626 3.0320907240638468 255 255 255 1.5309848909085475 48 427 47 425 44 389 42 336 43 397 41 278 41 350 34 264 34 314 38 211 38 321 48 300 47 308 46 295 45 318 44 265 49 357 50 297 43 245 42 225 40 263 40 304 36 207 36 295 37 236 37 279
739 3.6887550365346784 -2.4780474247964266 2.0191942883737504 57 46 27 0.17188163273007362 34 3 40 1 36 1
741 3.5406053021662602 -2.3679386723221811 1.9343971752109681 64 49 29 0.23504193175694069 38 7 40 7 36 6 37 3 35 2 32 3 33 2
742 3.5417363244279163 -2.3700939766581621 1.9376014101415149 64 49 29 0.24810947784025281 38 8 40 8 36 7 37 4 35 3 32 4 33 3 30 69 31 87 26 83 28 5
743 3.4829046819440195 -2.3180569726415223 1.9079184771817959 81 63 40 0.79937177254282932 38 13 40 12 36 9 39 70 42 19 32 72 33 72 30 72
745 4.1245136605769925 -1.9199410676414135 1.9700508364783271 92 73 58 0.061575040714358105 38 49 40 46 39 31
746 3.1690759683846235 -1.6411779496478949 2.2801450924138806 105 63 49 0.1683027471546234 34 56 40 67 36 53 37 105 39 95 35 95 32 94 33 93 30 100 31 104 26 97 28 92 29 123 23 65 21 103 22 108 27 117 25 93 24 86 13 67 11 86 14 48 8 61 9 68 6 66 20 64 17 71 16 67 18 15 19 14 12 33
749 3.833902592043978 -0.15680691437410302 2.4647754986078274 223 178 149 0.72461721306499571 38 86 40 83 37 71 35 57 32 52 33 60
750 4.1381328725207052 1.5421213932060174 2.1656685908029569 111 88 71 0.50260120762114158 38 92 40 88 36 133 37 79 39 119 32 157 30 164 31 137 28 153 29 142 23 122 21 131
751 4.1428141553655049 -1.4134792933867928 2.1055823801425904 238 176 151 0.27822276681679869 43 63 40 117 36 121 39 104 35 106 30 116 31 113 29 92 23 78 21 83 27 43 25 36
1347 3.442183766109514 -1.5477985921803137 2.9486235846076805 222 167 143 0.11661739978076742 11 93 14 80 8 103 9 104 17 117 18 100
754 3.8963167153909137 1.7135895218628743 2.2298349010549496 56 54 55 0.26595685715451511 38 183 40 176 37 168 39 120 35 127 32 68 30 65
755 3.8336100841830341 -2.5111836949310393 2.03089845262144 89 72 56 0.52457681021771763 38 184 40 177 36 179
756 3.5953763718249192 -2.508477522156451 2.101932703306816 58 44 24 0.91703290737703025 42 131 40 178 36 180 38 185 37 169
757 4.9682459470446112 1.7311811493686904 2.386424057466261 149 123 97 1.2352016607695688 38 221 40 218 36 222 37 129 32 127 30 62
758 4.9682459470446112 1.7311811493686904 2.386424057466261 149 123 97 1.2352016607695688 38 222 40 219 36 223 37 130 32 126 30 63
1870 3.5010998775602395 -1.7311569405547169 3.0588667181979887 218 160 138 0.41392023581898751 3 229 2 238 1 260
761 3.9062728674823379 -1.8571264823007783 1.9034646274480305 180 143 119 0.1167195852502331 38 274 40 254 36 256 37 254 39 257 35 233 32 230 33 235
1355 3.4312612829954698 -0.84865541003493061 2.3267186394204682 164 110 89 1.4797161110870785 11 227 14 204 8 217 9 247 6 252 20 256 17 255 16 260 12 328 4 286 10 337 15 368 7 343 5 343 3 334 2 340 1 368
762 3.4052210189200891 -0.48252067674716381 3.2809483372620045 9 5 3 1.7001562922229467 38 285 40 265 32 251 35 261
765 3.120606334486058 1.5690388576345446 2.6417439100624014 255 255 255 0.11840346967049403 38 295 40 277
766 3.1998373122636701 -1.2169171520390851 2.261034695582028 243 190 167 1.3790129661685748 38 280 40 288 36 292 37 278 39 286 35 278 32 260 33 261 30 262 31 266 26 255 29 261 23 251 27 257 25 241 24 238 13 231 11 213 9 246 6 251 20 254 17 254 16 259 18 254 19 272 12 301 4 268 10 315 15 341 7 313 5 314 3 312 2 317 1 319
1202 3.1741141162149855 -2.1283436851723585 2.62775939742503 175 137 116 0.23382242608898685 22 62 27 113 25 90 24 82 13 93 11 81 14 93 8 122 9 126 6 133 20 139 17 138 16 131 19 208 10 219 15 177 7 165 2 165
771 3.5965722293603255 -0.83075983841902146 2.563821803311475 109 77 54 2.1916705133611432 38 353 40 328 36 329 39 298 37 307 35 292 32 278 30 284 31 295 26 289 28 272 29 278 23 272 21 275 22 268 27 277 25 256 24 257 13 252 11 239
1719 4.3408694400841377 -0.8537035374332923 3.2059989461809377 45 24 5 0.12648942274888289 10 49 15 65 7 103 5 51 3 52
772 4.4156364533087142 -0.82206223218388563 2.8123594181224636 41 20 9 0.25497645508311551 38 366 40 330 36 319 37 299 39 264 35 55
1713 3.7555375532918784 -1.9141115276314622 3.1378414773996472 60 41 25 0.14750313642372645 10 27 15 38 7 26 5 24 3 26 2 24 1 92
774 3.8451941526301487 -2.1540136270570067 1.8488589102057906 162 126 101 1.6421254642577652 48 42 44 57 49 51 41 26 34 29 38 33 40 31 47 58 49 49
775 4.0177486977913368 -2.3625286921104673 1.9553327526677569 100 85 69 0.30549241873921601 41 87 34 101 40 17 45 30 47 28 44 25 50 22
776 2.7587183480358677 1.3790771740271621 3.2536540981229116 170 170 170 2.5141659904049467 42 379 42 392 41 364 34 350 38 338 43 418
778 3.780216569662878 -2.2024791993030255 1.8411363504089318 147 112 85 1.1665697380949405 34 24 36 21 37 18
1210 3.4129301506629623 -1.645107374476632 2.9194390838072515 225 182 153 0.42092655581458283 22 202 27 205 25 180 24 187 13 180 11 161 14 160 8 193 9 215 6 225 20 226 17 221 16 228 18 229 19 254 12 282 4 242 10 286 15 304 7 284 5 291 3 285 2 264 3 257 1 287
779 4.0483127140659523 -1.668406321662242 2.0117765783496204 94 62 40 0.1045038273593995 38 59 36 41 39 41 31 42
1721 3.5498917230088338 -2.4292776150305673 2.8952613501681701 112 90 71 0.18049603460132962 10 2 15 73 7 2 5 2
782 3.4444681081862498 -1.0935970305990723 2.1330738964993632 193 144 119 0.17440771263947716 34 69 36 66 37 61 39 107 35 110 33 117 31 124 29 103 23 86 21 90 25 83 24 76 8 34 9 47 6 47 20 39
783 3.7648175224188107 -2.4744727387254581 2.0241389657029716 74 63 45 0.33166940003960682 38 2 36 84
784 3.1801659778842852 -1.6129738105685261 2.2739951178076829 200 147 126 0.21634132566269787 40 69 36 112 37 107 39 96 35 99 32 42 30 104 31 106 28 95 29 79 23 69 21 73 22 72 27 76 25 62 24 59 13 21 11 51 14 50 8 63 9 71 6 68 20 17 17 73 16 27 18 16 19 70 12 40 4 65 15 40 5 27
786 3.1715853624167032 -1.5970988403991242 2.2996027339724772 188 136 109 0.30515272388119186 40 72 36 116 37 111 39 99 35 102 32 140 33 145 30 149 31 150 26 141 28 135 29 126 23 101 21 106 22 76 27 79 27 120 25 67 24 90 13 97 11 53 14 75 8 98 9 98 6 70 20 67 17 75 16 68 18 51 19 71 12 90 4 21 10 72 15 41 7 30 5 29 3 34 2 36
1154 3.5679436903259218 -0.38954561249082759 2.8598486291528409 219 168 128 0.16887234675082996 23 221 21 228 22 220 27 227 25 207 24 216 13 206 11 187 14 186 8 197 9 223 6 233 20 232 17 230 16 237 4 228
787 4.0046131887189933 -2.6056510965518673 2.2144276798843276 87 71 55 0.22407247783567774 40 91 36 136 37 170
788 3.974424535147564 -1.9443184355905483 1.9065762843713223 123 97 77 0.15175950250265965 40 145 36 150 37 141 39 130 35 86 32 81 33 80 30 84 31 23 26 21 28 20
789 3.2112204140247926 -1.1044280065595491 2.4284369238109043 217 167 143 1.1860925935838444 40 124 36 168 37 195 39 195 35 213 32 238 33 241 30 239 31 253 26 241 28 228 29 238 23 218 21 227 22 218 27 246 25 204 24 214 13 203 11 203 14 183 8 208 9 238 6 228 20 229 17 225 16 232 18 233 19 259 12 286 4 247 10 294 15 314 7 292 5 300 3 293 1 297
1665 4.6132997844786381 -2.287701398053998 3.0813006701127166 255 255 255 0.87809997879599044 12 299 4 239 10 313 15 338 7 327 7 341 3 332
790 3.3052980295346912 -1.0218915561599435 2.2113528670253713 214 167 143 0.23381432196703916 34 188 36 169 39 156 35 156 32 149 33 153 30 155 31 158 26 147 28 148 23 115 21 123 27 141 25 114 13 111
792 3.6972145245882446 -2.5835897689283311 2.1657159677717241 255 255 255 0.61085082589570039 40 225 36 226 37 216
794 2.7591705299546216 1.3123769407677155 3.3884169799429209 255 255 255 1.059619761271682 40 273 41 137 36 276
1162 2.745843238329043 1.1271379328456879 3.9578504442168261 255 255 255 1.0136265075349067 32 186 33 197 30 225 26 185 28 177 29 177 23 159 21 164 39 242 35 219 30 252 22 165 27 173 25 147 24 111 13 148 24 152 11 75 11 127 14 122 6 163 20 50 17 55 16 172 20 170 18 169 19 190
795 3.2816956815211444 -2.3498441622666051 2.0886416005612571 90 67 44 0.34423612376273532 43 161 36 280 37 294
1679 3.2899999772457442 -2.2418428314837002 2.7440656273383874 102 80 61 0.14647055972990897 4 5 10 8 15 8 7 6
796 3.1371884208665413 -1.3569297003763461 2.1177770623202892 230 180 164 1.5891361065547203 35 275 32 258 33 260 30 261 31 277 26 268 28 249 29 260 23 250 21 258 22 247 27 255 25 238 24 236
1673 3.1714687129940589 -2.0698352011803673 2.3777777855137079 226 183 158 0.85354385117462073 12 339 4 296 10 352 15 384
798 4.9837128066440552 1.68386833094439 2.4596458323343531 146 122 98 1.2944961058237172 40 316 36 311 37 309 39 302
799 4.9817339367345692 1.6805933816372858 2.4567981523338984 146 122 98 1.4901219444564795 40 317 36 312 37 310
800 3.3187330048491193 -2.2540082571874418 2.0220687121354155 234 185 160 0.65315657389311643 38 333 40 308 36 313 37 302 39 293 35 286 32 271 33 285 30 273 26 265 28 248 29 258 23 248 21 253 22 242 27 253 25 221 24 221 13 217 11 197
803 3.5814084262290535 -0.8123005923248714 2.5111451598869543 109 77 54 0.29560603323248891 40 329 36 330 39 299 37 308 35 293
1623 4.2680968576426643 -1.9160427386579004 3.145039917075922 101 78 58 2.0511875808368645 19 74 12 178 4 116 10 229 15 274 7 252 5 259 3 258 2 266
804 4.3883377324601334 -1.0085170114182327 2.7481303312616063 57 35 14 1.9022294535962458 40 341 36 340 37 316 39 296 35 259
807 3.4052516680798561 -2.2872314579167448 1.9357396390234691 147 115 89 0.1866761537844874 36 11 37 10 39 15 35 8 32 14 33 15 30 13 31 15 26 85 28 73 29 65 23 3 21 61 22 2 27 2
808 3.992498309475546 -2.1838685294044309 1.89350883500504 98 78 57 0.22911109073829258 38 31 37 26 39 26 35 20 32 22
810 3.1996419456428753 -1.1540899138641025 2.4599539721905628 211 166 141 0.26163983511729011 36 67 37 63 39 109 35 154
811 4.1370627949729748 1.4755873871594587 2.1798995794894926 32 22 18 0.39628858495909852 34 86 37 78 32 125 33 130 31 136 29 179 23 92
1114 2.8739614027730376 1.4521330784135686 2.7129623011045232 13 10 8 1.4475913469743178 32 191 23 229
1631 3.4363224129756791 1.7347859940665735 2.4879829337551125 9 8 6 0.60041803832846008 12 338 4 295
812 3.722130296990716 -2.2978777136915802 1.8743346210049769 132 104 79 0.5629593769947675 36 92 37 83 39 72 35 74 32 73 33 74 26 14
1625 3.4773478829478437 -1.5363262274400566 3.0537635049957732 212 145 127 0.27848835196055677 19 217 12 258 4 221 10 257 15 275 7 254 5 261 3 260 2 269
1480 2.8790794366967436 0.43606567375937877 3.6317452758343305 116 84 55 0.97634104725498327 6 56 17 51 16 54 4 45 19 46 7 105
814 4.0995440281042317 -1.5683807865540218 2.0767925651375947 123 58 41 0.20942030491079505 36 114 37 109 30 110 31 50
815 4.2542003499982464 -1.5619953561946158 2.0814427706206047 240 181 152 0.22576862751641502 36 117 37 113 39 102 35 104 32 102 33 104 30 112 31 110 26 104 28 47 29 35 23 36
816 2.7869415747952706 1.2837338449868985 3.4859207777450383 255 255 255 1.1807213541784931 37 123 39 163 33 202
818 4.0991490015918259 -1.3923248612667127 2.1113422349519237 238 180 152 0.21510621928398174 36 162 37 153 39 145 35 146 32 143 33 110 30 118 31 115 26 107 28 108 29 95 23 80
1186 3.7380616360340122 -1.5938053513886266 1.9820398834011219 229 184 151 0.62955657013775779 21 257 22 231 27 243 22 246 25 195 24 185
819 4.1872758538577397 -1.4638514334345685 2.1029209854629767 245 184 156 0.19308024033143306 36 196 37 187 39 183 35 175 32 171 33 178 30 180 31 181 28 137 29 132 23 104 21 113 22 86 27 95 25 77
1703 4.4810257698909677 -1.3015387498167974 3.3164102865479319 255 255 255 0.20974975526882184 4 252 10 295
820 4.1893097098842897 -1.4654916300718894 2.106339442081949 245 184 156 0.11962236103146055 36 197 37 188 39 184
821 3.1021867372864897 -1.2835892752190252 2.1189921970083905 169 117 102 0.5933744510069594 36 202 37 192 39 188 35 209
1495 4.3747954937894313 -1.1345090859601505 3.2981111822809308 13 5 1 0.84918892284197123 20 192 17 189 16 215
822 3.3005807731243482 -0.47072378292196693 3.6653134028749093 16 12 9 0.39789010296672184 42 234 37 199 39 197 31 190 26 149 28 172 29 139
1697 3.1825152715187528 -1.6313621827805207 2.1289258052136733 232 188 159 0.89937879616534822 4 237 12 252 10 251 15 268 7 247 5 235 3 230 2 176 1 202
826 3.4778399736535208 -0.51028124153339305 3.435238035402191 11 7 4 0.15688987301572718 36 248 37 239 39 237 35 243
827 4.009462802105082 -1.4798147583441572 2.074930281983848 239 199 165 0.076665001601956786 36 288 37 272 39 275
1194 3.6306911020797257 -2.1679896390525504 1.8181609686427787 212 167 140 0.42544892498209469 22 102 27 63 25 3
828 4.0763650143315218 -1.1825025997939347 2.2975110061295201 216 170 136 1.1044784239967209 36 317 37 296 39 287 35 241
1711 3.5094335373956662 -1.7134604269993614 3.0455949090871801 157 97 73 1.2509110498104208 16 142 4 153 10 130 27 126 25 127 24 131 13 129 11 115 14 77 8 129 9 134 6 106 6 142 20 113 17 81 16 106 18 55 19 113 12 93 4 70 10 30 15 143 7 87 5 82 3 77
830 4.5764653424037416 1.5911093988916354 2.0990241606930744 0 0 0 1.6909672273400222 36 342 40 345
1496 3.478500865522514 -1.4751200669688014 2.95365565455799 208 151 131 0.40568851090095709 20 211 17 205 16 230 17 222 18 231 19 255 12 284 4 243 10 288 15 307 7 287 5 293 3 287 2 292 1 316
1705 2.8009023911301618 1.0140665212942002 4.4181506388624738 201 149 112 0.6782548318667776 12 272 10 303 15 325
831 4.6276030613736516 1.6026014571933567 2.1923152640519925 255 255 255 1.5033361154036848 36 343 37 322 39 305 35 285
832 2.7122448335885312 1.1898910462934078 4.0606096320276999 255 255 255 0.85093644513434796 36 341 37 331 39 329
834 4.3549105050754182 1.8261342968857439 2.002847632862037 218 165 129 1.3351185415920708 34 242 38 261 37 214 45 398 47 433 46 424 43 321 42 247 45 286 47 327 49 324 41 342 34 327 38 314 36 224 39 212 35 191 32 193 33 210 30 204 31 203 26 189 29 183 21 134 21 171 22 169 27 177 24 113
835 3.5411216735173978 -2.1138667282182486 1.8130910644366103 194 146 118 0.55923117130197308 45 375 46 402 43 362 41 297 34 276 38 269 38 296 40 278 37 266 48 414 47 413 46 403 49 405 50 412 39 254 35 230 35 250 33 233 31 231 26 211 28 200 29 207 23 192 21 198
1266 4.1850951832967471 -0.27328853658319174 2.4910085620135609 225 183 140 1.7274362361435882 25 210 24 229 13 208 11 189
838 3.4242870916820971 -2.3300379841579391 1.9537192896631916 72 52 32 0.21037399783814317 36 10 39 12 35 71 32 10 33 71 30 71 31 88
1777 3.4719728919775044 1.1800120979712994 4.4445753923854872 141 118 100 0.66206343726154548 15 332 7 301 5 328 3 320 2 309
839 3.4217107208306046 -1.6314017842679827 1.9323098665426883 190 141 120 0.28531715343866593 36 38 39 37 26 28 28 23 29 16 23 15 21 19 22 21 27 14 25 11 24 18 13 14 11 14 14 16 8 17
840 3.2032361378310261 -1.6441097389105723 2.1000695632679913 245 204 174 0.10364049957928834 37 43 39 42 35 28 32 31 30 90 31 31 28 27
842 3.0898505539233496 -1.7221837588403281 2.3752807383408672 182 137 110 0.21549812955772377 37 41 39 44 35 30 32 33 33 37 30 25 31 33 26 33 28 25 29 17 23 13 21 17 22 16 25 7 24 13 13 12 11 11 14 13 8 9 9 18 6 20 20 10 17 19 16 20 18 9 19 10 12 25 10 21 15 30 2 20
843 3.0898505539233496 -1.7221837588403281 2.3752807383408672 182 137 110 0.21549812955772377 37 42 39 45 35 31 32 34 33 38 30 26 31 34 26 34 28 26 29 18 23 14 21 18 22 17 25 8 24 14 13 13 11 12 14 14 8 10 9 19 6 21 20 11 17 20 16 21 18 10 19 11 12 26 10 22 15 31 2 21
1274 3.4626781499307748 -1.6857205016067223 2.9376910936102192 224 177 147 0.71692960415887486 25 100 24 129 13 160
844 3.1276127305168804 -1.6424896325454268 2.3676723264816397 82 57 40 0.50399282177539506 36 54 39 50 33 46 30 34 26 101 29 78 21 72 27 25 25 16 24 23 9 23 6 26 17 26
1791 3.4200357001112365 -1.5845164210584231 2.9609933754582189 160 90 66 1.443321182450046 20 75 12 96 4 74 15 192 7 181 21 148 22 144 27 158 25 129 24 167 13 163 11 143 14 139 8 178 9 195 6 211 20 206 17 203 16 229 2 265
846 3.2059965633818237 -1.1089216109688842 2.3018785602203455 185 92 88 0.34515298849607046 37 65 39 59 35 52 32 112 33 119 30 128 31 126 26 119 28 117 29 105 21 92 22 93 27 101 24 103 13 108 11 65 14 86 8 75 9 79 6 83 20 81 17 89 16 79 18 64 19 80 12 101 4 82 10 87 15 107 7 96 5 92 3 95 2 99 1 64
1785 3.5695774286380471 -1.8267176353926524 3.0567243154381694 185 107 88 0.57668910151507724 15 385 7 354 5 359 3 354 2 359 1 382
1059 3.8397947680442055 1.6251591052185888 2.1958692192419988 15 11 12 0.47122894821203187 26 232 28 198 29 204 23 190 21 169
850 4.1776594660796302 1.3138337333920449 2.1378331087780196 124 94 72 0.29064545163690159 37 124 39 116 35 121 32 123 33 128 26 124 28 122 33 199 22 99 21 57
851 4.1296102108507231 -1.3770043585484493 2.1211196368266303 187 119 92 0.10634903291395016 37 154 39 146 35 147 32 144 33 148 30 119 31 116 26 108 28 110
1218 3.1276942411567163 -1.6975827507969243 2.3015500019928088 99 73 60 0.25467547758586984 36 44 32 35 33 85 31 36 26 89 28 84 29 71 21 67 22 66 27 68 25 57 24 57 13 62 11 45 14 40 8 56 9 63 6 63 20 60 17 68 16 65 18 47 19 68 12 83 4 63 15 86 3 23 2 25 1 36
854 4.0702550371460173 1.4870117769485121 2.1788234690004202 32 27 23 1.7033462974650713 37 166 39 165 35 125 32 156 35 161 33 131
1729 4.2987638872046361 -2.7128667284984496 2.8818561033431891 51 36 22 0.55336827434019231 4 210 12 245 15 236 3 248 5 249 2 254 1 276
855 3.212571120587711 -1.0763489144998613 2.3425063590047146 183 104 91 0.42815979033893409 37 161 39 196 32 177 33 184 30 187 31 157 30 154 26 146 28 147 29 137 23 113 21 122 22 126 27 140 25 112 24 104 13 110 11 99 14 87 8 111 9 113 6 113 20 124 17 123 16 113 18 106 19 123 12 139 4 122 10 143 15 154 7 137 5 138 3 133 2 100 1 115
1572 4.3925265290604596 -1.3211172319226858 3.2459806723252949 98 73 53 0.91174427689464266 6 89 20 89 17 127 20 128 16 116 9 82 18 110 20 159 17 157 16 159 18 155 19 129 19 174 19 220 12 190 12 241 4 169 4 205 10 236 10 270 15 207 15 284 7 189 5 192 5 274 3 236 2 243 2 276 1 267
1067 3.5240217557937545 -2.3222835251569549 1.8990085547473736 81 63 42 0.076629340603514645 26 6 29 5 31 12
858 3.2339672695172226 -1.310469772171087 2.0784330618107374 227 175 153 0.86672760749599587 37 232 39 229 35 205 32 204 33 219 30 214 31 217 26 173 28 165 29 157 23 106 21 80 22 84 27 37
862 3.7183172219784417 -2.4633731410867066 1.9912305466352369 51 41 23 0.85533026579083504 37 217 39 251 35 195 32 158 33 164 30 208 31 138 31 207 26 159 28 158 29 144
1737 3.3084131476811178 -2.0326534971040928 2.827302971177982 85 62 44 0.18009147524806859 10 311 15 337 7 309
863 4.0071256824874837 -1.4826166953862761 2.0705371971175732 238 198 164 0.83197387578258541 37 273 39 276 35 255 32 246 33 239 30 248 33 251 31 239 26 221 28 193 29 198 23 139 21 111
1580 3.4088554672845697 -2.4597023233065571 2.750196416949017 54 41 26 0.52269862452384919 18 78 19 94 2 158 1 175
864 4.5409329955727635 -0.91538879376805826 2.891878271522843 255 255 255 0.26355052089248954 37 261 39 280
866 4.4354008720896037 -0.36767193518681662 2.5259741443330825 37 32 32 0.49271865784188401 37 300 39 289 35 282 32 250 33 253 30 250 31 255 26 242
867 3.445460770914305 -0.86986773708860077 2.3183085072396352 231 180 154 0.81784788436643197 37 306 39 297 35 290 32 275 33 265 32 263 30 278
1170 4.2241148090678884 0.15854847310736137 2.1030038214520341 37 31 28 1.4134517207041715 21 53 22 53 24 44
870 3.1040696519594979 1.5874874663313503 2.6809233578224543 255 255 255 1.8946981140598063 40 307 36 322 37 312 39 307 39 313 40 306 36 321 45 434 48 437 47 447 46 464 44 398 45 397 43 384 43 419 42 380 45 453 48 475 47 486 46 481 49 482 50 485 48 486 43 430 42 393 41 380 34 340 41 338 38 341 38 358 36 333 37 311 39 306 34 341 35 298 35 299 32 283 32 284 32 295 33 280 33 281 30 271 30 272 37 293 31 261 31 262 26 247 26 248 26 274 26 275 28 246 28 247 28 263 28 264 23 230 23 231 23 255 23 256 21 251 21 252 22 227 22 228 22 253 22 254 27 251 27 252 25 218 25 219 25 242 25 243 24 232 24 233 13 236 13 237 11 219 11 220 14 198 14 199 6 238 9 230 9 231 6 239 17 238 17 239
1681 3.4532471146030694 -1.5143932209573661 3.0120988737345082 63 46 39 0.088565732069975547 4 29 10 33 15 47
871 3.7125644828858402 -2.3727662046291207 1.9207415740717648 85 73 54 0.1614026911935022 39 6 35 4 32 8
872 3.7125644828858402 -2.3727662046291207 1.9207415740717648 85 73 54 0.1614026911935022 39 7 35 5 32 9
874 3.109593619486497 -1.6553079278258638 2.4105656764053274 167 131 118 0.16219322276322179 39 49 35 40 32 95 33 98 30 147 31 146 26 139 28 132 29 124 23 131 21 104 22 135 27 151 25 122 24 122 13 122 11 108 14 99 8 125 9 128 6 134 20 140 17 142 16 134 18 129 19 152 12 169 4 147 10 123 15 136 7 126 5 121 3 122 2 124 1 148
1178 3.4335784716889242 -1.585097280498482 2.9672142698060702 162 93 70 0.2706313126886834 21 147 22 143 27 157 25 128 24 166 13 162 11 142
876 3.2785610218690038 -1.1101447756240548 2.185894640285758 141 51 50 0.28594372951973468 37 60 35 50 32 110 33 116 26 115 29 102 21 88 22 91 25 81 24 102 11 64
1695 3.238373844379689 -1.71682002239255 2.0116570128042151 222 179 156 0.93493021463926917 4 214 10 223 15 189 7 175 5 122 3 74
878 5.0030615950065638 1.1701855230426932 2.1451532472705592 119 104 82 0.16336559243668861 39 115 35 65
1689 3.9316318508004735 -1.5366657272428208 3.1329210373135052 31 18 8 0.32781822495519369 4 35 12 136 10 141 15 152 7 136 5 134 2 136 1 208
879 3.0996912217294117 -1.7415378838797415 2.4493411145880999 115 65 40 1.5128273594257275 39 86 35 94 29 22 28 30 21 20
880 3.5420005361230391 -0.54706690304463701 3.4198212603154303 207 158 126 0.3503117616142119 37 70 35 114 33 121 31 127
883 3.9999394056011428 -1.9329172981543739 1.9172696194981649 101 76 56 0.15464073336255157 39 132 35 138 32 134 33 137 30 86 31 93 26 87 28 79 29 13
1250 3.4095818591882514 -1.8591964829597252 3.0046310128117932 218 155 131 0.17205352576245658 25 26 24 30 13 72
884 3.1780770110683472 -1.5602384706982522 2.1828433669619849 190 140 112 0.65834629824045854 37 108 35 173 32 168 33 176 30 211 31 213 26 198 28 203 29 210 23 197 21 205 22 213 27 222 25 194 24 206 13 195 11 180 14 178 8 189 9 212 6 222 20 203 6 205 17 201 16 206 18 205 19 230 12 230 4 199 10 227 15 243 7 177 5 179
1767 3.4105087101199585 1.0891312702142357 4.4842913774752562 255 255 255 1.1347008008865698 15 219 7 201
886 4.6965508603800714 0.43448496557687638 1.7807391337600524 214 169 125 0.36678233662446241 39 265 35 216 32 181
888 2.7860742210020031 1.2644778779246331 3.0600645227685868 31 28 28 0.31110839156660919 39 203 35 221 32 218 33 229 30 227 31 248 26 229 29 218 23 203
890 3.1732126621858128 -1.5562679709969378 2.3109154312848705 229 181 154 0.37978151404372085 39 225 35 238 32 235
891 4.1398643990769699 -1.3405313691063434 2.3242728199274545 241 195 162 0.80668966847836143 37 295 39 278 35 240
892 2.7067962302245241 1.0505793763617584 4.0961676552775703 216 165 129 1.7806453595883125 37 284 35 266 32 266 33 279
1775 4.4566801307876496 -1.7471638260194551 3.2362141286869672 255 255 255 0.60544861078406809 15 308 7 288 5 294 3 289
894 3.4917905067304549 -1.5923826283984595 1.9303932631706715 95 62 49 0.44263534530737625 39 294 35 288 32 272 33 274 26 250 21 223 22 212 27 200 25 176
1769 3.1743543732294826 1.7344134734949737 2.6658392615866435 5 4 2 0.24120294989358196 15 230 7 211
895 3.5863762449842205 -0.57192788362230718 2.8019444750879261 232 190 148 0.28461671735996874 39 300 35 294 32 280
901 3.8376305489381739 -0.7366586504027306 2.5574714079649836 234 195 155 1.0659303796116399 40 342 35 318 32 307 33 298 30 298 31 304 26 295 28 274 29 280 23 274 21 277 22 270
1071 3.4826893823590055 -1.6318636397632726 3.070365275057787 210 150 132 0.34486025763891359 28 102 29 87 23 75 21 82 22 85 27 92 25 75 24 68 13 77 11 58 14 56 8 102 9 102 6 77 20 74 17 82 16 76
902 4.5505940875927013 -0.17746394888639122 2.2573202256975593 168 133 109 1.4114947001790799 37 200 39 159 35 116 38 311 36 272 42 360 41 336 34 321 38 287 40 266 37 241 39 239 35 184
903 4.6500493391336839 0.47407306479231159 1.7765271534656786 115 97 73 1.1076387944337451 36 213 37 201 39 198 35 185 36 273 37 263 32 182 33 192 36 297 30 156
1556 3.4800532579754022 -1.7700179056406737 3.0051650227202096 220 169 144 0.31587185339985568 16 189 18 188 19 215 12 228 4 198
905 4.3324657160987403 1.8028539067560143 2.0197780139690611 138 106 85 1.7150152478707497 38 359 36 325 41 382 35 300 30 269 31 287 23 226 21 247 27 233 25 213 13 214 11 192 14 147 6 165
1566 3.777013719148532 -0.57156809126771346 2.583895068638594 229 189 149 0.56625262078316907 12 318 10 325 15 357 7 317 5 321
1051 3.4278099769439123 -0.079826260026324716 2.3076730781931296 28 17 13 2.2680359927270848 26 68 36 75 28 55 29 50
906 4.3324657160987403 1.8028539067560143 2.0197780139690611 138 106 85 1.7150152478707497 38 360 36 326 41 383 35 301 30 270 31 288 23 227 21 248 27 234 25 214 13 215 11 193 14 148 6 166
1079 3.3379545587133128 -1.5669338058460323 2.0851942656973375 219 173 145 0.28628851713817766 28 191 29 152 23 133 21 140 22 109 21 105 27 121 25 68
910 3.7787239617175206 -2.2825483302736456 1.8564157811716395 107 82 62 0.38404314159288272 35 77 32 75 30 17
911 3.3502239560509737 -1.6443782461137013 2.0258096177158418 135 92 68 0.15249096295330988 35 93 32 87 30 89 31 29 26 88 28 83 29 70 23 18 22 22 27 16
1564 3.7343195057935885 -0.54470949653774769 3.6044224843231638 12 9 8 1.0780775303119969 16 262 18 257 19 278
913 4.103876961351471 -1.3475415576543315 2.1244333517296679 237 182 152 0.13702539225889945 35 108 32 105 33 113 30 43 31 56 26 57 28 51
1638 3.6473377554404918 -2.2925090213846606 3.0004370787795231 58 39 23 0.17368100463890035 12 72 19 61 4 57
915 3.8989435110806525 -1.9145915055726157 1.8846967204408323 124 93 70 0.4150850893244708 36 235 32 161 30 142 31 143 26 135 30 173 28 78 29 69
917 4.1353788337786934 -1.4638079547889673 2.1390558699552211 247 196 170 0.6681399686749151 35 202 32 172 30 181 31 182 28 138 29 133
1087 3.4047014390652248 -0.79966620968791813 2.3078848495582718 152 107 83 0.1164729052239524 37 68 22 97
918 4.5945664611229731 -0.22158793869973431 2.3163942715351022 33 29 31 0.29446539934192412 35 215 32 179 33 154
919 4.1542437956298741 -1.6674375941355757 2.038083436575413 242 186 163 1.124131460426971 39 259 32 199 33 216 30 177 31 177 26 167 28 134 29 128 23 103 21 108 22 111 27 82 25 71
1636 3.4097693256376034 -2.2165431612752955 2.8896946565642292 75 57 43 0.061414188799060021 19 59 4 54 15 77 3 59
921 4.994896095086256 1.1381656910952425 2.1549266655360406 131 113 93 0.2752347403957241 35 262 32 240 33 244
1646 4.2177132794376373 -2.764988111298019 2.8181842395012469 63 50 33 0.20390581332074736 12 159 4 102 10 160 15 173 5 158
925 3.2163431521748693 -1.1525309664963042 2.371083087403111 109 30 26 0.51484529273293955 35 280 32 262 33 263 30 264 31 268 26 257 28 238 29 248 23 240 21 243 22 235 27 245 25 226 24 225 13 221 11 202 14 193 8 207 9 237 6 245 20 241 17 245 16 247 18 244 19 258 19 275 12 303 4 246 10 293 15 313
1031 2.6230759914814183 1.3850456891867442 3.5614619735001436 196 139 109 0.32808647246339984 31 77 26 79 28 67 29 59 23 52 21 98 22 59 27 59 25 48 24 50 13 56 11 40 8 51
926 2.7398893253536691 1.1634714470502328 4.0383226260063987 255 255 255 1.3158659179914289 35 267 32 267 33 267 30 282 31 285 26 260
927 4.1384462149206982 -1.3873521934182627 2.1098511335755292 208 144 119 1.8450296589355075 35 276 32 273 33 275 30 276 31 278 26 253 29 246 23 238 21 241 22 203 22 232 27 208
1644 3.6810621813908959 -0.80476544173833775 2.487106244051525 186 152 123 0.45327822842598642 18 159 19 137 4 91
1075 2.9223042047526415 1.2018829508353484 3.7615116301490104 54 41 33 0.80236510499622515 28 64 29 110 23 121 22 167 27 194 25 171 24 173 13 185 11 167 14 169 8 184 9 205 6 236 9 228 20 235 17 234 16 241 18 239 19 267 12 294 4 257 10 304 15 295 7 240 5 242 3 244 2 208 1 232
930 3.164899681065211 -1.7673660514548379 2.0440614678217455 238 195 169 2.118199516492425 39 322 35 312 32 299 36 336 37 325 39 318
931 3.4813378115786477 -0.53147579565034531 3.3733546310068045 11 7 4 2.1662866370339016 32 116 42 75 41 130 34 135 38 177 40 167 36 127 40 82 39 158 33 188 30 222 31 243
1234 3.3726697097344913 -1.7735135149636734 1.8865773516467876 236 191 169 0.90814659275330156 29 191 25 156 13 157 11 139 14 133 8 123 9 93 20 103 17 67 16 18
934 3.3788330259847643 -2.3777291605936175 2.0292727849089687 64 47 27 0.11110801364235913 32 7 33 5 30 1 31 3
1745 3.5611224247656188 -2.4356781081746801 2.8901605369819339 116 94 76 0.2086098300612908 15 74 7 3 5 3 2 61 1 0
935 3.4491601422449829 -2.3635469252034174 1.9647366900825785 57 40 19 0.1931295565773925 32 5 33 6 30 2 31 1 26 0 28 2
1588 4.4492493460467344 -1.2411116716761865 3.3015831232263353 44 27 9 0.41953125821165271 18 157 19 177 4 172 15 208 7 190
936 3.4479593584946566 -2.3629013366533322 1.9633164467360489 57 40 19 0.21659894995138823 32 6 33 7 30 3 31 2 26 1 28 3 29 2
937 3.6032866959353118 -2.3752518710262409 1.9369201185357938 103 87 66 0.33943709597255295 39 5 33 8 30 5 31 6 26 4 28 7
1598 4.4471863440729837 -1.3811925970673256 3.2634514313536958 39 21 7 0.43752884888970994 16 234 19 261 15 317 7 293 5 301 3 294 2 295 1 321
1083 3.9673362478928493 -1.280506006135802 2.1278321146110781 239 194 162 1.3625721528674395 28 168 29 163 23 147 21 154 22 125 27 99
938 3.373636288453532 -2.3369492468362263 1.9860590424631939 83 60 36 0.18370016481668039 32 11 33 10 30 7 31 8 26 2
939 3.6290946076641784 -2.2388339334012217 1.8273105948642474 162 123 97 0.31153700706246412 39 74 33 18 30 16 28 14
1242 3.394877794239199 -1.0413714885553287 2.1555644814042028 234 189 161 1.4717413518107867 27 258 25 228 24 226 13 222 11 186 14 184 9 201
942 3.1231285300541236 -1.9263323498654956 2.5430299750299237 210 169 149 1.1384151966942098 32 29 33 26 31 25
1753 4.3350062218433614 -2.437099451258407 2.9883988677238906 25 11 3 0.21367274802790759 15 82 7 72 5 71 3 66 2 77 1 86
943 3.5897464864789903 -1.705278596809805 1.8566725396847099 213 172 146 0.31574108113912097 40 55 43 128 33 27
1596 3.7705586234584092 -2.6084462837700597 2.862462480160699 255 255 255 2.2600382954217983 18 222 19 245 3 330
945 3.0957584785501004 -1.7100807458966505 2.3855479500407095 93 55 44 0.40910432895785231 35 33 33 39 29 23 23 21 27 13 8 13 6 24 5 20
1027 3.1112825841585945 -1.6981237138380811 2.4867395375464985 84 59 46 0.31571913996859929 30 32 26 44 28 39 23 29 22 69 27 22 25 61 14 46 12 30 4 17
946 3.1574041511998137 -1.6611592871872694 2.29371653683428 98 59 47 0.22014591827635122 37 48 33 42 30 94 26 93 28 88 23 63 21 70 27 72 13 65 11 47 14 42 8 58 9 65 17 23 16 25 18 13
947 3.1001047782881508 -1.2886669927522552 2.0781618374850068 190 139 122 0.24373143917801413 32 106 33 51 31 55 26 52 28 104 29 40 21 40 27 89 25 31 24 34 13 76
949 3.4737065223829826 -0.11752401557805381 2.7661245184187009 237 191 165 0.16209221498773013 39 62 33 62 31 64 29 51
950 4.9834286011483027 1.1502708641739945 2.1337269376048837 118 103 80 2.3689952968448154 39 268 33 127
951 4.243675029738414 -1.4154419566510934 2.1089048951250202 255 255 255 0.72248039132348685 32 173 33 147 26 174
1540 4.3735438736224754 -1.7770669507863215 3.157114964055284 117 91 68 0.29261843496698764 16 40 18 25 4 32 10 36 15 102 5 89 7 133 3 84 2 92 2 182
953 2.7441957924590397 1.1275560511839673 3.9539563321979894 255 255 255 0.61298106358497373 32 187 35 220 33 198 30 226 26 186 28 178 29 178 23 160 21 165 22 166 25 148 27 174 13 149 24 153 11 128 14 123 6 164
1035 3.1388825998621899 -1.420577463679501 2.2170618836836034 188 137 118 0.46661099008223528 31 216 26 201 28 207 29 232 23 213 21 224 22 214 27 223 25 197 24 208 13 198 11 182 14 180 8 175 9 192 6 209 20 204 17 202 16 207 18 206 19 231 12 255 4 218 10 254 15 246
954 4.9448186248238972 1.6124553675909947 2.3093367780269749 255 255 255 0.3890426503333056 32 188 33 203 30 196
955 4.9288020253475917 1.6216145127295778 2.3434265398615404 147 124 100 0.1962767096618814 32 189 33 204 30 197
957 3.1601201699955301 -0.40805391453346368 3.5841016845865661 240 195 160 0.13793254477545439 32 210 33 226
959 3.9384148245746582 -1.9179945706811323 1.9443456975252267 141 108 85 1.6496518796431303 32 229 33 234 26 162 28 159 29 119
1548 3.2494574734155233 -1.6392332522381832 2.0648540636889714 180 130 101 0.11449117088576873 20 182 18 89 19 107
961 3.0762108552026612 -1.76766026481409 2.2109232923545625 130 90 70 0.16510067229912712 32 256 33 259 30 260
1107 4.0083024261033886 1.8062038773000784 2.2588503241608255 255 255 255 0.54102861324360618 28 186 23 167
962 4.0086297281419778 -0.97422306156246186 2.4189623999789904 221 177 139 0.74915725288127433 32 274 31 254 26 224
963 4.8831318742047376 1.6513961296850757 2.3444808330003504 147 122 100 0.49421598970515784 32 269 33 268 30 266
965 5.0239289551837487 1.1517308794604328 2.1845853568564095 131 113 91 1.1143296059384509 46 248 43 263 38 255 40 270 36 274 37 245 39 267 35 244 32 214 41 192 34 194
1135 2.9301078060808168 1.3430571642648854 3.8274731422239037 255 255 255 0.14888058558274905 29 55 21 59 22 57
966 3.3254504818206732 -2.3720943634539817 2.0647762452101648 68 51 30 0.37197910394312106 33 9 30 6 31 5 26 84 30 70 29 62
967 3.5020669224595529 -2.1688418004843619 1.8281696758686059 216 167 142 0.18074733613858365 32 21 30 19 23 7 22 5
1620 4.4174196946437103 -1.5866824034279963 3.2279855924121361 38 29 14 1.019871467793396 16 112 12 138 10 188 15 202
969 3.4108550201895138 -1.597480147398125 1.9918667100325069 32 17 9 0.13929761075925559 32 37 30 28 31 39 26 38 28 33 29 28 21 25 22 30 25 18 24 24 11 21
1630 3.5628475097579315 -1.8208502065202714 3.0604280096712575 199 133 110 0.95971099208465327 19 292 12 333 4 283 10 341 15 386 7 355 5 360 3 355 2 360 1 383
1115 4.4401676884438324 1.4793587525380316 1.9535131251799287 255 255 255 0.42698270318964932 28 241 23 243 21 232 27 232
970 3.4125801342258382 -1.5817039939701862 1.9925002908545757 87 67 49 0.11410038368803981 33 44 30 30 27 28 13 22
971 3.2418089630022302 -0.45103121336213919 3.6506103690220084 221 172 144 0.41631283765563953 33 56 30 50 31 62 26 120 28 119 29 107
973 2.93299900211895 0.16319203735173038 3.6246412106045214 24 15 11 1.5069802454975019 33 63 30 58 31 67
974 2.6803920336229354 1.3840748032728027 3.5457889744081821 197 144 113 0.23930790463454604 32 64 30 64
975 3.2653293998450352 -1.7110968795182158 1.9760114393617982 141 103 82 0.51050203648077863 33 28 30 88 21 12
1325 3.4142342778931858 -1.8515843671711403 2.9703396144337377 216 154 136 0.22040415679783726 13 125 11 111 14 101 8 127 9 130 6 137 20 142 17 144 16 136 18 130 19 151 4 146 10 168 15 185
1628 3.1807960102118829 -2.2076384025462095 2.4387540208439424 213 169 142 1.421330884369334 12 323 4 281 10 330 15 364 7 324 15 348 5 330 3 306 2 312 1 332
977 4.0981213906027323 -1.5669661188544008 2.0753241506318942 127 63 46 0.11464460420545421 37 110 30 111 31 51
1702 4.4144881449397992 -1.6233915915786823 3.2129951186943768 31 16 7 0.2136162987840908 12 285 10 291 15 311 5 297 3 313 2 294 1 318
978 4.1297006884158503 -1.5247070847168487 2.1231698121820384 232 180 157 0.17873789637666027 33 106 30 115 31 112 26 51
1187 3.2360679061628419 -0.42058198817320047 3.5553613143727998 19 15 13 0.82550186642478385 21 261 22 238 27 260 25 251
979 4.1047632207060758 -1.395220982672895 2.1155683311557865 238 179 151 0.13601458171665504 33 109 30 117 31 114 26 106 28 107 29 94 23 79 21 85 22 88 27 44 25 38
981 4.0703425157297755 1.440182697463948 2.1613693248128261 29 23 22 0.78324584340224668 33 162 30 135
982 4.9956652886333117 0.62328570815809992 1.999825728737842 255 255 255 0.26407188750520155 33 124 30 157 31 160
985 3.3043687835457241 -0.83716846382014143 2.4396475812013274 132 86 65 0.21948590445819344 33 225 30 221 31 224 26 226 28 210
1710 4.0334362480681554 -0.68828211426596209 3.4636326167625864 35 16 6 1.8302440882411446 15 381 7 345 5 353
986 4.1967508460166343 -1.6404083634561055 2.038682898441206 175 104 77 0.23027410613311119 33 237 30 234 31 237 26 219 28 204 29 211 23 180 21 184 22 180 27 185 25 124 24 127
1195 3.0883637871379128 -1.8541554686758706 2.5339531658126928 193 155 135 0.16440832946730438 22 11 27 64 25 54 24 56 11 83 14 72 8 91 9 92 6 101 20 102 17 103 16 97 19 102 12 120 4 107 10 118 15 134 7 121 5 119 3 118 1 145
987 4.0560723047820648 -1.2638786139069573 2.2441226794526274 151 115 92 0.31960392220316319 33 252 30 237 31 241 26 177
989 4.4444057221436832 1.4909858836816658 1.972834352724588 0 0 0 0.28910998613689481 42 366 45 417 49 462
991 3.4662932307718766 -0.56746764175793807 3.6360019453530588 255 255 255 0.95811307358131903 32 265 30 279 26 270 29 270 21 266
1341 3.4751304993942473 -1.5976445698525337 3.0945912508371576 216 146 127 0.2757830776318001 13 40 14 27
1708 3.7143908054947232 -0.61549490089653502 3.3899111338149264 202 156 121 1.1021397888166176 12 309 10 319 15 345 7 316
993 3.2203951756645246 -1.5428522382012522 2.4686837526690586 239 188 153 1.6659779403268931 30 291 31 293 26 285 28 282 29 288 23 279 21 283
1654 3.1182716617357524 -1.2805638703026845 2.092450590112422 160 108 93 0.53145584050374206 19 165 4 159 10 185 5 187 2 137 1 157
1139 3.2326554031292019 -1.26332403046631 2.1214122998612561 234 185 169 0.17802023533855049 28 113 21 84 25 34
994 2.7010586759072441 1.1891031648396175 4.000450971407612 255 255 255 0.86054378336571946 33 288 30 293 26 293 28 277 29 282 23 276 21 279 22 274 27 284 25 259
995 3.9481265364219382 -1.0630449039366987 2.3247371467180797 164 133 100 1.5208032176133965 33 295 30 295 26 286 28 261 29 269
997 4.1294027032115128 1.4436250028752404 2.1885159381162058 78 64 53 0.86963749811356317 36 80 35 123 30 134 31 134 26 77 29 54
998 3.7752653139341241 -0.11680334345703625 2.4797059112517283 32 19 13 0.14200721366134783 32 53 30 52
999 3.3783956886711484 -2.3405373097246227 1.9909656508531812 83 61 36 0.14249595187415992 30 8 31 9 26 3 28 6 29 3
1147 3.4759138274095385 -1.7811028369655533 3.030560893931519 224 173 146 0.34235815678016079 29 196 21 186 22 201 27 203 25 179 24 186 13 179 11 181 13 197 14 179 8 191 9 214 6 223 20 224 17 219 16 227 18 228 19 253 12 281 4 241 10 283 15 301 7 282 5 288 3 283 2 288 1 309
1003 3.1284431919147035 -0.31982585845653227 3.5233805246601588 21 13 9 0.16553243409316595 33 59 31 63
1005 3.5369373647138067 -2.3683062021528953 1.9337832546906668 63 48 28 0.11661707398143353 30 68 31 86 26 82 28 4
1009 4.4413967750418522 1.5632333747469915 2.0017389048171665 255 255 255 1.5916219009483998 30 200 31 166
1606 3.1918980877164569 -2.3377918273155198 2.4433510723084151 141 110 87 0.59380920458323838 18 77 4 101 19 93 7 55
1091 3.3482375746474728 -2.2571950174877835 2.0389568066697659 239 193 165 0.096832386363392253 28 259 29 266 23 258
1010 3.1806681990153876 -1.4463649662223519 2.3250048430352583 238 191 161 0.36595806163708539 30 150 31 180 26 172 28 194 29 213
1013 3.2225454889112877 -2.3700030199991953 2.3570556732692611 156 117 91 0.044326859176507138 30 170 31 209
1055 3.3075741715040117 -1.3303038489970533 2.0999169057635108 208 150 127 0.36176157881090182 26 142 28 139 29 86
1014 4.5778131450689195 1.4283626767281994 1.9070355133799719 216 161 120 0.71178192527092954 30 195 31 229 28 176 26 209 29 173 23 50 28 63
1015 3.9216122756912188 -1.8631905082236162 1.9139151547913706 177 141 117 0.049655952922055983 30 231 31 233 26 212
1604 3.3315376211464272 -1.6987811608762635 2.8402829843495909 195 148 124 0.26703464075415612 14 23 8 64 9 73 6 72 20 112 17 112 16 102 18 92 19 156 16 140 18 136 12 229 4 150 10 226 15 242 7 228 5 173 3 228 2 237 1 259
1016 3.1201570238812693 -1.6717124455131811 2.3590684452579338 37 23 13 0.20777702908475212 30 246 31 251 26 238 28 221 29 230 23 212 21 222 22 211 27 221 25 193 24 205 13 193 11 179 14 177 8 188 9 211 6 221 20 221 17 217 16 225 18 225 19 250 12 250 4 215 10 249 15 267 7 244 5 256 3 227 2 235 1 258
1017 3.5111756187345669 -0.52513884358604679 3.4641511622242529 11 7 5 1.2766452099070467 30 265 31 256 26 227 28 231 29 250 23 241
1099 3.1157901455818897 -1.3244138207319582 2.1853069397961118 179 133 121 0.36949353852446021 28 103 23 105 21 112 22 141
1018 3.6387949382323708 -2.1771908931257844 1.821673446024012 199 156 130 0.57574549447465084 30 275 31 275 26 249 28 217 23 191 21 135 22 101
1019 3.4692833037925972 -0.96557144295682329 2.7891883918781177 171 128 100 0.82332826489756794 30 249 31 280
1021 3.401602763141848 -1.6240344795968122 1.9900073897418591 111 67 49 0.55797827764299901 32 301 33 291 31 299 26 294 28 280 29 286 23 277 21 281 22 271 27 280
1127 3.2690731239588193 -2.3123053217605327 2.0772149834040867 145 108 83 0.42244086049216267 23 2 21 0 22 0 27 1 25 52 24 53 11 0 14 1 8 1 9 1
1022 3.4021773778984481 -1.6286717835710891 1.9909972814176271 111 67 49 0.11441701102856706 32 302 31 300 28 281
1025 3.2604131908197203 -2.3641577203575199 2.1575907000853571 124 98 74 0.2497644007631929 31 14 26 7 28 8 29 4
1030 3.6565017522602594 -0.079640678408884752 2.5767658183846187 29 17 14 0.27647292876913032 39 63 26 69 23 46
1032 2.8526513341031747 1.3130958912879196 3.5230062255814532 38 31 29 1.5646160357223993 31 75 26 129 28 154 23 123
1033 4.9732463370824274 0.61966359848355179 1.9845176520742007 255 255 255 0.081378082356703435 31 159 26 153
1037 4.6076011510702095 1.4369758038611444 1.9264303132273266 216 161 120 0.78397646373866015 30 60 26 208 28 175 29 172
1040 4.6133785282034072 1.4203890917298094 1.9468352698219391 219 164 123 0.7945873116065606 31 258 26 244 29 252 23 224
1043 2.7875491780061088 1.0219180581304492 4.3059082239108921 204 152 115 1.9359723987167594 30 288 31 284 26 280 28 262 29 272 26 272 23 264 21 278
1045 3.3837149437117069 -1.1121406978078685 2.1531967453390877 149 64 59 1.5075249996710429 35 257 32 248 26 239 48 399 46 415 44 386 43 375 38 319 28 226 29 235 23 216 22 216 25 202 24 212 13 201 11 164 14 165 8 181 9 183 6 189 20 155
1047 3.432140173623178 -0.40889174317104882 3.1852428005293296 230 185 147 1.8266044240334727 30 287 31 283 26 271 43 380 42 341 41 335 34 320 38 309 40 290 36 308 37 280 39 290 32 282 33 277 30 280 31 281 28 252 29 263 23 252 21 269 22 261 27 268 25 250 24 248
1048 3.2229419523350309 -2.3569994183210894 2.2337995677311779 151 115 92 0.22044775712271625 28 9 23 4 21 1
1049 3.5065855893751525 -2.2528051443600723 1.8596003951470359 155 120 95 0.060105009424274797 26 11 28 11 29 6 23 5
1052 3.4888499596945204 -1.809270805155234 3.0988563656103194 176 100 79 0.57012504746121329 26 50 28 101 29 130 23 136 22 182 27 186 25 161
1053 3.2342436809760917 -1.0326681138458154 2.2857015881638536 183 138 118 0.2362717922607448 30 48 28 118 29 47 23 88 21 48 22 96 25 85 24 78 13 46 11 68 14 62 8 37 9 80 6 84 20 83 17 90 16 81 18 67 19 36 12 55 4 39 10 42 15 61 7 41
1057 2.8510149519772972 0.76774559122961838 3.6834701747209917 129 101 79 1.399684193241912 31 194 29 170 23 157 11 124
1872 4.3971958349960971 -2.4481306483929144 3.0102369209457303 30 20 9 0.50645588730549529 3 252 2 258 1 280
1060 4.8783613342449907 0.49340444580241571 1.8959486048412146 158 128 97 1.0170791056608015 30 223 28 212
1065 2.5995536132128141 1.3896410684369849 3.6137935798222691 255 255 255 1.8165571664146052 32 221 26 231 28 214 38 257 40 294 36 277 37 288 35 270 32 252 33 257 30 257 26 246 35 248 29 220 23 228 21 236
1880 3.4258529798928663 1.6631816873044556 2.5073011471574738 12 8 7 1.4924262181071264 3 341 2 346 1 371
1073 3.4507951514096624 -1.5826273309653314 3.0148157939162248 211 152 129 0.40292951272132704 28 109 29 93 23 109 21 117 22 118 27 133 25 107 24 97 13 102 11 60 8 68 6 41 18 57
1081 3.4666432889682839 -1.6262448360893726 3.0140230517328837 144 75 54 0.27586771348837652 28 140 29 155 23 182
1082 3.4666432889682839 -1.6262448360893726 3.0140230517328837 144 75 54 0.27586771348837652 28 141 29 156 23 183
1089 3.5591380168496087 -0.86329031718032911 2.7278147187723008 175 140 108 1.2085312280338791 28 230 29 239 13 232 11 216 14 205 8 218 9 248 6 254
1093 3.3798327801444636 -1.5820865684300631 2.0562214015227065 139 93 75 0.13495323272073106 28 40 23 31 21 32 27 31 25 25 24 29 13 25 11 25
1095 3.4851979517413718 -0.094386317773070702 2.7496819739937211 0 0 0 0.011638661095844348 37 73 40 84
1096 2.9641376200547862 0.0058223141071830908 3.4895742097268321 26 14 10 0.69647876677455056 29 53 23 48 21 54
1097 3.1340715484750796 -1.2908343209591078 2.1650646477339914 66 6 5 0.21005765578880173 29 41 23 77 21 116 22 117 27 129 25 105 24 132 13 132 14 106
1101 3.4845471802865178 -2.4427405652773388 2.0429475590567741 54 39 20 0.19130825663051768 29 143 23 124 22 129
1103 4.6435386813120747 1.447817706353991 1.9420036414033479 216 161 120 0.68391042958911608 28 62 23 158
1104 4.1678093952632782 1.5460009551224785 2.179023104828552 114 90 70 0.26292271290346253 29 180 23 161 21 167
1825 3.113185163279748 -1.6342855770193876 2.4420398140023516 177 125 95 0.40934046993748607 5 123 3 123 2 83 1 149
1109 3.481566341644688 -1.5904060610298114 3.0866109186077124 197 130 109 0.36602419063664621 29 159 23 184 21 190 22 188 27 207 25 182 24 189 11 183 14 181
1111 3.8520742829368864 -1.831585671484653 1.8994897571049068 192 156 133 0.53846323505504468 29 227 23 195 21 180 22 132 27 66
1112 3.5728086265801795 -0.8494710719586126 2.2811000069698064 167 129 101 0.20963378902673535 29 249 23 220 21 210
1833 3.2666914019010513 0.99058365192969677 4.560012872448481 151 120 98 1.0649119247179699 5 202 3 200 2 205
1117 3.6105681501349416 -2.3569327866850687 1.9312789101249583 97 76 55 0.75584861930553926 29 265 23 257 27 216
1121 3.5334129603971487 -1.1194931754311905 2.8768424700361863 165 122 97 1.3069946400888095 23 270 21 273 22 266 27 283
1123 3.3739263797524619 -1.5737157332702296 2.9092436159149058 171 105 85 0.77331809279627972 29 276 23 280 21 284
1125 3.1644323710994366 1.7369163153148384 2.6749537040396913 6 5 3 0.46950305557767391 38 223 40 223 35 194 39 211 32 227 33 213 30 207 31 206 26 195 23 171 28 188 29 189 21 178 22 174 25 50 25 155 24 157 11 135 14 128 8 150 9 165 6 175 20 179 18 120 19 200 12 213
1131 3.1164314103787008 -1.6543920759711346 2.3881537233450918 84 62 49 0.26368996921043619 29 31 21 29 27 24 13 18 11 16 17 25 23 67
1132 3.4938577210689004 -1.6873262758272021 3.0655428257672446 162 106 83 0.23100791790768366 29 37 21 38 22 40 27 87 13 36 11 56 14 25 8 66 9 74 6 76 20 29 17 37 16 35 18 22 19 24
1133 3.2778460127698956 -1.0981540182723353 2.1963317721863405 207 109 106 0.076523127724178769 26 59 21 47 13 44 8 33 9 45
1134 4.4399879852052919 -0.13009881375064344 2.1679030835294077 208 170 146 2.0454814478885934 29 48 21 50
1136 3.2026794248933905 -2.338592249776235 2.42775565803607 184 146 122 0.30755127423726447 23 55 21 62 27 110 24 117
1137 3.0978998343342194 -1.7014311985502917 2.4269862413585201 77 46 34 0.44682895623877145 28 87 21 69 18 46 16 24 19 67 4 62 3 21 2 23
1149 3.8425592714694843 -1.3106880943288137 2.0725019535467131 203 159 127 0.23080375371852019 23 201 21 191
1150 2.7817263075186678 1.29364291866366 3.4038912698673705 35 30 29 0.14898187174409608 23 164 21 196 22 192
1151 3.6671869810512376 -2.0776659125554788 1.8186241810480097 224 185 158 0.42578604748659837 23 206 21 199 22 175
1152 3.4037730915875852 -0.85093514939499715 2.2438936568262244 229 177 153 0.32362530167121101 23 219 21 209 22 206 27 211 25 169 24 171 13 142
1809 4.1883120970798906 -2.705151499822537 2.8241193085277478 110 85 58 0.59479855620693711 7 163 5 161 3 153 2 161 1 179
1153 3.0592122968629818 -1.7952046510583302 2.4015836669878694 212 166 145 0.09052216834331589 23 210 21 220 22 209 27 219
1156 4.5765956044174292 1.4091005234030545 1.9338329209610623 221 165 126 1.050521855626809 28 253 21 246 22 222 29 251 27 230 25 212 13 210 14 168
1813 4.2890452443549343 -2.1708709040551359 3.067978588351282 137 107 82 0.45716017426011418 7 174 5 233 3 226 2 263 1 284
1157 3.7302562127634218 -1.5585420999255266 2.050889099936938 234 182 147 1.8556223233450182 23 268 22 265 27 265 21 264 25 237
1158 3.174549755019755 -1.2481765478726066 2.7745533921612582 255 255 255 2.0061256364618201 23 269 21 265
1164 3.1571089650134603 -2.2872941291292705 2.3661721646243006 201 154 129 0.077941666190365758 21 3 22 4 24 4 13 4
1821 3.1301683789238228 -1.6414765921901495 2.3562917602854183 84 61 42 0.33301365136019212 5 79 7 79 3 29 2 30 1 43
1165 3.7564498895457294 -2.043394260473709 1.8205159408823279 192 153 127 0.29627867011838216 21 100 22 9
1166 3.5326810501428185 -1.6039867930488381 1.9161413387733472 190 142 115 0.11130625836197397 23 26 22 29 27 23 25 20
1168 3.0526518701429963 -0.11296534224501925 2.4637249668744654 0 0 0 3.5695598128225852 21 52 28 54
1171 2.9517929291685352 1.1619436730884918 3.8195828986884854 35 22 17 1.5398119598145668 21 58 22 56 13 112 14 121 20 96 9 54 17 53 16 92 19 90 4 133 10 53 15 120
1172 3.2893286278782168 -1.713248011506596 1.9502972134958219 121 83 63 0.19457926648122204 21 65 22 63 27 65 25 55 13 9 11 9
1173 3.4848267680908163 -1.7313183697823 2.974865238565422 102 43 27 0.59253006752729076 21 37 22 80 27 124 25 99 11 114 14 137 8 156 9 178 6 182 20 185 17 179 16 141
1174 4.2149262301758181 -1.4279146505298506 2.1080648206400538 217 144 120 0.27641600302813607 23 108 22 87 25 37 24 39
1176 4.1031788885114242 -1.6442230497980883 2.0136868930992438 240 188 164 0.065789661344953454 21 109 22 112 27 83
1177 2.8676528069867522 1.2991582848293912 3.6447085997658299 50 75 41 0.40605097849433025 21 132 22 128 27 176 22 168 25 149 24 154 13 170 11 154 14 149 8 164 9 187 6 195 20 217 17 214 16 222 18 220 19 242 12 277 4 232 10 280 15 299 7 276 5 278 3 277 2 251 1 275
1180 4.1073284590443428 -0.71602720062094949 2.4734481237601007 207 162 120 0.44167164789406277 21 159 22 156 27 163
1183 3.0536288483424414 -1.8071711751511605 2.2743046043272472 137 96 74 0.21677872285768821 21 200 22 196 25 173 13 175 11 155 14 154 8 168 9 189 6 201 20 200 18 202 5 227 3 224
1184 3.3795944529420794 -1.6881302140076855 1.909062338526812 199 153 126 0.57741205078257218 21 201 22 198 27 198 25 174 24 178 13 177 11 158 14 157 8 171 9 171 6 179 20 181 17 141 16 99 18 50
1841 2.8605628323068006 1.3096697583524493 3.8560473369618644 112 85 70 0.40969220305273685 5 280 3 304 2 325
1189 3.486244183082662 -1.6460033952491853 3.0534845762608187 159 95 74 1.1130176970031649 21 259 22 248 27 256 25 246 24 246 13 242 11 225 14 209 8 235 9 256 6 273
1192 3.5199122270918277 -1.6550066441651965 3.0228012639497761 202 143 120 0.34325352693995603 22 41 27 36 25 102 24 94 13 100 11 91 14 79 8 101 9 100 6 107 20 114 17 116 16 108 18 99 19 114 12 94 4 72 10 73 15 43 7 32
1849 3.8908094688737909 -2.3862137183817413 3.0032321140714022 75 61 46 0.23034435257753863 3 11 2 10 1 81
1203 3.3054921278723182 -1.9359391342482255 2.8205871365852988 132 104 84 0.1954802285037425 22 106 27 115 25 121 24 120 13 119 11 140 14 134 8 154 9 170 6 178 20 180 17 176 16 184 18 183 19 227 12 249 4 213 10 246 15 265 7 221 5 253 3 222 2 227 1 255
1204 3.4885249323470844 -1.7301981254529519 2.9764280574865483 99 41 25 0.27488147942709595 22 79 27 123 25 98 24 128 13 128 11 113 14 136 8 155 9 177 6 181
1797 4.3148709752231458 -1.8673172435504717 3.1116635340181453 64 46 34 0.17514473510774947 7 34 5 33 3 37 2 42 1 52
1205 3.5190868086232072 -1.7729074576398449 3.1266462575998299 191 119 98 1.414157725078071 22 113 27 125 24 130
1206 3.1632608387554724 -2.1366319667983462 2.5900795173197526 155 115 91 0.54071876456380574 22 103 27 148 25 120 24 119 13 117 11 106 14 91 8 120 9 169 6 177
1211 2.7966658269973621 1.2701847695622683 3.8331316438366865 184 142 117 1.0076171679536885 22 240 27 250 25 235 24 230 13 224 11 207 14 196 8 211 9 229 6 237 20 218
1212 4.2956492069429881 -0.29463759755882313 2.4286970948000772 19 15 10 1.7819844789328689 22 237 27 259 11 205 25 209
1805 3.6442292683032846 -1.7665891166175376 3.108009503572009 164 128 103 0.14195474296367469 7 86 5 125 3 171
1213 3.2203075979301099 -1.6062688013922537 2.1180213495910745 246 201 176 1.1110602447720241 22 257 27 264 25 245 24 245 13 228 24 235 11 210 14 201 8 214 9 235 6 243 20 239 17 242 16 226 18 227 19 252 4 238
1214 4.2503560741250332 -0.24327368315044157 2.407982992760997 13 11 7 2.0550963904228192 27 269 24 249 14 213
1219 3.127326511408544 -1.6970240846178968 2.3012575601226319 99 73 60 0.18757888623335997 36 45 32 36 33 86 31 37 26 90 28 85 29 72 21 68 22 67 27 69 25 58 24 58 13 63 11 46 14 41 8 57 9 64 6 64 20 61 17 69 16 66 18 48 19 69 12 84 4 64 15 87 3 24 2 26
1220 4.3582393705881124 1.829450094248527 2.004359592580228 216 162 126 0.72654914744427901 21 172 22 170 27 178 45 287 47 328 43 322 42 248 41 343 34 243 34 328 38 262 36 225 37 215 39 213 35 192 32 194 33 211 30 205 31 204 26 190 29 184 21 133 24 114
1877 3.4570435568873998 1.7062293926459173 2.4643671480187264 8 8 6 0.61949915399257327 3 321 2 326 1 345
1221 4.4271536103803637 1.4636780963103504 1.9608221934739194 255 255 255 1.7770522973663359 28 240 29 241 23 187 23 242 21 214 21 231 27 231 46 422 45 369 48 318 47 365 46 320 44 337 50 372 43 385 34 238 38 258 36 220 37 210 39 205 29 175 28 179 21 127 22 162 27 168 25 143 24 109 24 148 24 218 25 234 13 211 11 72 11 126 11 190 8 46 8 142 9 155
1222 3.0883872012493097 -1.7101327989307968 2.4420958125440162 138 97 75 0.17475680234560703 22 25 25 9 24 16 14 15 18 12
1226 3.1718932456869089 -2.0561407398041758 2.6398883674577296 174 137 114 0.32089209534106483 27 114 25 91 24 83 13 94 11 82 14 71 8 89 9 90 6 100 20 56 17 101 16 95 18 82 19 97 12 69 4 56 10 62 15 79 7 67 5 67 3 62 2 73 1 82
1228 3.5600823330052789 -1.2676771841515593 2.9647036732317926 192 143 112 0.22729818680572539 27 103 25 113 24 140 13 141
1885 4.5986284759766569 -0.72703420352680737 3.4022656854456255 39 25 10 2.0092162482117439 2 280 1 343
1229 4.2932167920288453 -0.34939501502933551 2.4376808531665985 40 34 32 1.9005133078251906 21 49 25 116 24 144
1230 3.2238900437356168 -2.3416686277956118 2.5665167045454629 158 124 100 0.83499713382469343 27 147 25 119 13 155 24 118 11 137 14 129 8 167 9 188 6 200 8 151 20 198 17 197 19 224 4 209 15 231 7 212
1235 3.5902723377364532 -1.433471896683854 2.996041767612911 116 81 64 0.72711677691237697 27 162 25 167 24 190 13 200 24 211 11 185 14 191 8 216
1237 3.87208561050091 1.7990598073625115 2.2658160870368205 13 11 9 0.41271285423865961 27 214 25 187 11 170
1238 3.4115787940202105 -1.6435135962935641 2.8640416348164472 176 127 101 1.0408804807987004 27 204 24 162 13 161 11 160 14 159 8 176 9 193 6 208
1243 3.541098001656835 -1.0235344905645141 2.8787527509846997 196 150 113 0.354164147453704 22 219 27 226 25 230 24 227 13 223 25 206 11 215
1244 3.5869234115839177 -0.57178287674653827 3.7330412387339771 255 255 255 0.040227726140549827 27 249 25 231
1245 3.3942367671162943 -0.46677550347765084 3.6971445480838647 20 15 14 1.2647141143628078 27 229 25 232 24 194
1246 2.7874808352352489 0.96854676617098912 4.2965814147905803 184 136 98 2.100196496779176 22 273 27 279 25 258 24 262
1251 3.5191682644540156 -1.7301869856999443 3.019817835122923 202 158 134 0.31823069620840971 22 38 24 66 13 35 14 55
1253 3.4798350442645618 -1.718290443688373 3.1079593887106722 0 0 0 0.9615888618248728 21 79 25 101
1259 2.9680568085178383 -0.25034165321696933 4.1332264993559953 187 134 107 1.5209332454425453 23 154 24 146
1260 2.9366026705872135 1.0630621878461812 3.7643436292941144 8 4 2 0.63133347452993727 27 170 24 150 11 153 14 119 9 156 6 161 16 169 18 166 19 187 12 200
1261 3.4474821402540861 -2.3214429781254156 2.862682677760501 60 43 28 0.96687426544869925 27 149 24 159 13 156 14 131
1262 3.9023629664973605 1.7662819876893827 2.2146361833034818 255 255 255 1.1419792383744296 25 186 24 174 13 171 11 129 14 124 8 147 9 158 6 169 17 171
1264 2.8484889411014294 1.2856340816582139 3.7612378514846321 30 20 16 1.4258496810780343 11 194 14 197 8 212 9 243 6 255 20 246 17 250 16 250 18 249 19 280 12 310 4 275 10 305 15 333 7 302 5 309 3 278 5 279
1857 4.0113471934997929 -1.7771265618929206 3.175888802431905 17 11 8 1.6498092554593864 3 127 2 128 1 204
1265 3.2081458552825284 -1.5388619799890462 2.7342160246641134 174 126 99 0.3159800514478216 25 200 24 223 13 229 11 211
1267 3.7369687614679199 -0.78305327984383799 2.4829268563393376 231 194 156 1.170873596696377 24 247 11 217 13 233 14 206 8 209 9 241 6 247 20 231 17 208 16 197
1268 3.8047951030822178 1.7974063148602148 2.3047816180327594 9 8 6 2.1071927758681115 27 273 24 251 13 235 11 218 14 207 8 219 9 244 6 256 20 257 8 228 17 258 16 253
1861 3.1580996552333529 -0.40894482918381936 3.6676039390046538 243 197 159 0.21209259744542386 3 192 2 149 1 71
1269 3.4391664279300684 -1.1679286838676062 2.8630103647052905 160 112 78 0.3872902336415171 25 247 24 255 13 257
1270 3.3995843075603673 -1.6093001972202545 1.9770913710136617 120 73 57 1.557490698924046 27 281 24 258 13 256 11 237 14 218 8 234 9 260 6 262 20 260 16 255 18 242 19 271 4 217 12 231 10 129
1272 3.3543527921367016 -1.6256039294455864 2.0464231998870783 143 104 84 1.7888692936077744 32 89 31 38 26 36 28 31 29 26 23 24 21 24 35 32 30 27 22 27 27 20 24 21 24 22 25 14 27 18 11 15
1865 4.4268006722727264 -0.9854400065338903 3.3278444298599807 43 34 14 0.39107866518333506 3 190 2 193 1 217
1275 3.1599124410293586 -2.0707030324574229 2.6368856132141882 139 103 83 1.7246987530705851 24 9 13 5 11 6 14 8 8 7 9 13 6 15 17 12 16 13 18 5 12 11 12 12 4 11 10 13 10 14 15 19 3 10 1 18
1276 3.0761585787290318 -1.7881825195851329 2.1904418385438267 153 111 87 0.066742755833395825 23 10 13 7 14 9 17 17
1869 3.8159196825073471 -2.2958480923625233 3.0446732283691853 68 53 40 0.26461498702266889 5 166 2 225 1 253
1277 3.2484524326309621 -1.0825355038504652 2.5893380527490004 167 123 104 0.16558563703189411 24 42 13 48 14 31 8 39 9 81 6 85 20 84 17 91 16 47 18 66 19 82 12 54 4 84 10 91 15 60 7 40 5 94 3 46
1278 3.6086524702371152 -0.072392440882678655 2.6084285064226056 31 20 17 1.697245696387462 31 65 29 52 8 41 43 84 6 54 16 52
1279 2.9544937390462107 1.1561423661208039 3.8033747081670914 52 38 30 0.36951879384672809 27 54 13 54 14 36 8 49 9 53 6 57 20 49 17 54 16 91 18 40 19 47 12 110 4 97 10 99 15 119 7 106 5 107 3 106 2 57
1280 3.2449264457799987 -2.147274397128208 2.7387019199978164 116 89 69 1.0912808503265974 24 55 13 59 11 43 14 39 8 54 9 62 6 99 20 101 17 63 16 61 19 58 12 68 4 53 10 60 10 61 15 76 7 61 7 63 5 62 3 7 2 68 1 14 1 78
1281 3.0877567267784731 -1.7162781125826685 2.4104785737954053 156 111 91 0.27020365964440235 27 12 13 61 9 20 6 23 20 15 16 22 12 27 4 14 10 24 7 22 5 19
1712 3.4714915191951725 -1.3959835927396678 2.9115723526106692 172 126 96 1.0619555970480292 19 119 12 135 4 120 10 140 11 34 14 84 8 108 9 108 6 148 9 141 20 152 17 187 16 193 18 146 19 168 12 235 4 160 15 150 15 248 7 93 7 258 5 132 5 269 3 88 3 267 2 135 2 184 1 103 1 265 1 293
1282 3.3742868010808253 -1.8340759466050105 2.919734570993159 115 78 59 0.55096907711919385 24 64 13 71 11 89 8 97 16 137
1285 4.0830943098966364 0.59381148031587427 1.9804274304101455 221 175 132 1.5264691939002373 24 79 13 86 11 70 14 35 9 154 6 160 20 167
1716 3.4471277541853955 -1.4538324890195291 2.9139500242452083 164 116 90 0.19262460273140042 10 34 15 49 5 35 2 44
1286 2.1014702347960732 0.53579227228725834 1.6319001383253573 167 122 85 1.3183035267191654 32 184 13 87
1288 3.3691494517769227 -2.4843688897180938 2.4870237369565751 61 45 30 0.74820765216156382 24 158 13 89 11 104 14 89 8 115 9 166 6 199 17 133 16 122 19 146 4 137
1289 3.2123372033661743 -1.1226428799754933 2.4018267452799549 205 145 126 0.12453940101446637 27 139 13 109 11 98 9 110 20 123
1720 3.2691403073816327 -0.44878998910885848 3.6163008427580405 25 17 12 0.34526834128309036 12 58 15 66
1290 3.1631458900679625 -1.4064519741073263 2.2785315246580127 192 141 120 0.2258434652540528 22 115 13 130 14 105 9 136 6 143 20 145 17 147 16 143 18 139 19 115 16 107 12 131 12 177 4 155 10 135 15 147 7 131 5 129 3 128 2 132 1 155
1293 2.8502464600885484 1.3351672257150051 3.7639271817823139 255 255 255 0.1121049788218796 24 155 13 150 20 97
1295 3.4419059636796545 -1.702997664790906 1.876951064211458 221 174 145 1.6398939803285548 24 180 13 158 11 107 14 97 8 124 9 94 6 65 8 93 20 62 17 22 19 13 12 35 18 88 4 18
1296 3.433773439040829 -1.5105409308249096 2.9089687021292674 178 129 104 0.28459152806703486 24 169 25 166 13 165 11 145 14 141 8 159 6 187 24 168 20 187 17 182 16 190 18 209 19 232 12 259 4 220 10 258 15 276 7 255 5 262 3 261 2 270 1 290
1297 3.0773013347931113 -0.37382403559221244 4.0746004875155446 206 155 121 0.70724485157809658 22 190 13 169 11 152
1664 4.370464475976096 -1.0783365939847402 3.2420883965855891 105 77 52 0.28968256673258463 12 288 4 226 10 297 15 319
1298 3.9561809555533287 1.7775159263730387 2.2287037068045801 255 255 255 0.52074648814679636 24 175 13 172 11 130 14 125
1301 2.7146086563164866 1.1406897047127731 3.9525647346550721 255 255 255 0.24806045689636949 21 233 13 212
1668 3.2605229942585372 -1.0429097802344103 2.2397585957005508 172 105 93 0.3907269602568772 12 264 4 250 10 268 15 254 7 234 5 237 3 185 2 189 1 215
1303 3.2371811224739933 -1.3102690503200412 2.7622342555604926 191 144 121 0.39992756316606898 25 183 13 219 11 214
1309 4.6017075746838252 -0.14059131131487559 2.1428000801182261 226 179 140 0.92278294571076624 25 140 24 145 13 147 23 153 21 163 22 159 27 165 21 212
1676 3.5705112198266371 -1.5147464004263067 3.051061177315785 77 52 41 0.30980941787392802 4 201 12 261 19 219 10 261 15 306 10 289 7 286
1311 3.5135582950195756 -2.2495512149670014 1.8843059783544485 206 158 134 0.93234669705085993 13 58 11 2 14 5 8 4 9 5
1312 3.2342029994900412 -2.2621676115465177 2.6461107511596289 125 95 72 0.18044459298067739 24 7 11 3 14 6 8 5 9 9 6 5 20 1 17 1 16 4
1313 3.2237829380216496 -2.2220657790786382 2.6586898985673142 99 71 50 0.43510547203750116 25 4 11 5 16 127 6 130 19 150 12 161 4 143 10 162 15 175 7 162 5 160 3 155 2 163 1 181
1616 3.4092014225006282 -2.0572194894368283 2.9292586744505766 67 49 37 0.48399639721885013 16 16 12 76 5 69 3 64 2 13 1 84
1314 3.3162152465290662 -2.171313456209822 2.8291907232604525 51 30 15 0.34451743498707033 13 6 11 7
1319 3.1498285581481622 -1.6847259433512198 2.3100561890043507 0 0 0 0.11361910851084406 24 17 25 10 27 15
1320 3.4836422633103776 -1.7318519855258243 3.0294359027318278 160 102 78 0.24500141912986925 13 74 11 55 14 54 8 65 9 36 6 35 20 27
1321 3.2909499537036102 -1.3159811874720635 2.0857566539970498 231 182 157 0.58923166848363684 13 37 24 96 11 59
1624 4.2299323521234218 -1.5779040360776546 3.1349006875127436 9 3 1 0.71780777183701117 19 169 12 237 10 266 15 310 7 290 5 296
1322 3.693067845599368 1.7461659745246949 2.2116361766153343 18 13 10 0.42686832899851213 13 113 11 78
1327 3.293357062911543 -1.9828989568311248 2.8038888468459104 102 77 58 0.24816565902255508 13 176 11 156 14 155 8 169 9 190 6 202 20 201 17 199 16 205 18 203 19 226 12 248 10 244 7 242 5 252 3 251 2 257 1 279
1328 3.4813882419434012 -1.7485656630458444 1.866884473883311 143 107 81 0.5885963883236589 13 192 11 157 14 156 8 170
1329 3.6303631555862714 -1.9415851820195682 1.85281790747882 226 176 148 1.0684352535734221 13 218 11 177 14 175
1696 3.5953214992608857 -2.1949456856487854 3.0308927841852049 100 78 59 0.29527717828482419 12 220 10 242 15 263 7 241 5 250 3 250 2 256 1 254
1330 2.8942580811249288 1.4735813167933087 2.9467362576730873 8 7 5 0.18164717179379558 25 217 11 196
1333 3.1962239954684817 -1.5226634051178085 2.7255300875279493 175 128 101 0.68957362162272906 13 241 11 223 14 208 8 223 9 261 6 274 20 268 17 275 16 280 18 272 19 298 12 334 4 289 10 342 15 375 7 347 5 348 3 345 2 348 1 374
1700 4.3435748552382449 -1.0064394760015425 3.1876189848265644 30 9 2 0.11200725134865519 12 267 10 273 15 287 7 265
1335 3.2120998084401875 -1.4310330403620546 2.0937102960964853 240 188 166 0.60061532978244081 13 250 11 235 14 220 8 222 9 255 6 264 20 250 17 251
1336 3.2028175401475365 -1.7956815103368888 2.0593759471335797 238 195 169 1.4214320000289664 13 255 11 236 14 223 8 240
1337 3.6309530338464362 -0.72294300850026771 3.0869073901431139 177 132 93 1.2875721779265201 24 260 11 240 14 226 8 245
1704 2.8009023911301618 1.0140665212942002 4.4181506388624738 201 149 112 0.6782548318667776 12 271 10 302 15 324
1338 3.1933847117605438 -0.37049145136118605 3.6231951991412044 237 193 159 0.51454431407401457 13 209 11 206 14 195 8 210 9 242 6 248 20 244 17 248 16 249 18 248 19 286 4 278 12 320
1339 3.4200081547160841 -2.249404764856473 1.9120360728751238 199 152 128 0.24941311778536202 13 90 14 3
1344 3.2738601819236957 -1.6116265973225852 2.0828401057190109 212 175 150 0.70878210548471843 11 49 14 49 6 28
1345 3.3951912586324329 -0.85002806896589156 2.2412354740821558 229 177 153 0.18320335938900728 11 100 14 64 8 76 9 50
1776 3.4719728919775044 1.1800120979712994 4.4445753923854872 141 118 100 0.66206343726154548 15 331 7 300 5 327 3 319 2 308
1346 3.2452664178617128 -2.3866741576447681 2.4246324121617633 115 86 64 0.47939930140561948 11 79 14 69 8 85 9 86 6 93 16 1
1349 2.9281451424063096 1.1496423727325844 3.8580726035171478 89 66 52 0.42482129706465144 11 101 14 88 8 144 14 120 9 157 6 162 17 168 15 69
1780 3.5931908270498809 -2.0314657791115334 3.0767175544810583 62 44 32 0.56664992471201148 15 350 7 326 5 340 3 331 2 338 1 364
1351 3.1618842913292702 -1.2827180912556664 2.2077121662933696 158 110 101 0.064270987698978904 13 133 14 108 20 149
1353 4.1379757327806956 -0.26150555174575202 2.4589844319449456 226 182 142 1.2216106699389402 11 166 14 167 8 183
1784 3.2046284650598151 -1.5053289051697376 1.9967988787361977 255 255 255 1.1779108986625444 15 366 7 342
1354 3.2085251521524656 -2.0682612329289629 2.7086974280138327 118 85 64 0.22442336038207367 11 176 14 174 8 204 9 232 6 240 20 237 17 240 16 244 18 241 19 270 12 314 4 265 10 310 15 335 7 308 5 310 3 307 2 313 1 333
1357 3.4187907084448605 -2.0194258613162059 2.9148910782604607 78 57 41 0.7349476721460283 13 248 14 224 8 241
1788 4.4182873963759057 -1.3257024455629893 3.0218200437804676 55 48 28 0.61861557783999932 12 142 4 126 7 101 10 148 15 158 5 98 3 49
1359 2.6798125640690307 1.3333953267481615 3.8557661605964566 186 145 116 1.3301098124750015 21 216 27 213 29 182 23 166 21 170 33 205 31 198 26 188 28 181 29 181 22 194 22 195 21 60 27 57 27 179 25 45 25 46 24 115 24 116 13 188 11 171 14 126 23 225 21 235 25 215 24 220 13 226 8 187 8 202 9 209 20 175 20 219 17 175 16 181 18 176 19 196 12 211 4 189 10 213
1569 3.3332150844353641 -1.0186451682027442 2.3902201515077985 221 173 148 1.201860324888417 16 285 17 279 18 278 19 302 4 290
1365 3.4671222058655724 -1.5436819735539848 3.0720217719627287 216 147 130 0.20802008797014904 13 42 8 30 9 41
1732 4.2836200707810583 -1.4997125831634492 3.1099687875487976 24 12 7 0.45702638678023766 10 189 15 253 7 261 5 298
1368 4.1334315037592404 0.57289281983211982 2.001967903343727 20 12 9 0.80986643341670506 11 69 8 44 6 159 20 166 17 166
1577 3.6447828810390996 -0.64868289628568665 3.3130511221697749 186 140 99 0.42482758213455041 18 32 19 40 12 57 4 43 15 214
1373 3.3145771265717268 -2.2926524258745853 2.010086361487347 195 153 127 0.27412294821379912 14 70 8 86 9 58 6 1
1740 2.9219144993062542 0.10070185277192095 3.5686727192025534 234 192 149 1.3466318722178883 16 275 15 370 3 335
1376 3.3578025730313814 -2.1849568490017379 1.9076899047951064 234 184 157 0.1818619548862471 13 173 8 118 9 88
1381 3.2778845804314991 -2.0565053887678397 2.7902798862794391 112 86 68 0.12317394187437029 8 8 9 15 6 17 20 5 17 16
1684 3.4691284821018811 -1.6116448519862543 2.9660300706486753 184 125 105 0.77542522382120882 12 95 10 74 15 146 7 130 5 127 3 125
1383 2.8032905019433478 1.2979067832383122 3.4396731878312483 34 28 25 0.28177006994880333 11 77 9 85 18 75 12 113 4 136 7 110 3 110 2 112
1384 3.5870403291778601 -1.4614457028921148 3.0142466249532651 111 77 60 0.12454399539437093 8 70 9 107 6 147
1385 3.3809838935280823 -0.85065948607805641 2.2687849855705764 198 139 118 0.044863530968463405 8 112 9 115 6 116
1688 3.5996806974089295 -2.0981558989355564 3.0582729426493529 55 38 24 0.2364600080289514 12 121 10 119 15 135 7 120 5 167 3 160 2 167 1 188
1386 3.5680120689644172 -0.86616142433921728 2.5011403310243607 152 120 97 0.68557263717098127 9 116 6 117 20 130 17 160 16 160 18 158 19 178 12 192 4 173 10 194 15 162 7 144 5 146 3 140 2 145 1 121
1391 3.5113726455583225 -2.3700011904919713 2.8860317903603989 83 65 51 1.015060487757409 8 152 9 167 20 199 16 223
1392 3.1551324203535738 -2.1320582038347711 2.5867011217243641 151 112 88 0.22477117392804025 11 105 14 90 9 168 6 176
1393 3.7680228353087704 -2.0526171606379178 3.0989425648533198 76 54 41 2.0157885695325715 8 94 9 172 6 203 20 183
1394 3.5126177770671134 -1.5926158461017708 1.9284714569010863 115 77 60 0.26059384029011806 8 172 9 175 6 141 20 110 17 113
1397 4.424480532986161 -0.28693222868698087 2.3453661846606075 255 255 255 0.88820185760331216 11 204 9 225
1764 4.3462225195968571 -2.7120887039911086 2.8862313863498357 42 29 14 0.34694070137694072 10 163 7 166 3 156 1 185
1399 3.2355260785063309 -1.7659436227330221 2.0629040283751152 231 187 160 1.5006724036816479 8 233 9 259 6 272 17 263
1401 2.9080714150906828 -0.2329360925423597 3.8343907289481751 239 199 158 0.30029067886897326 8 239 9 265 6 280 20 274 17 281
1768 2.671210360990603 1.3345656221244859 3.8562215575603269 204 158 127 0.36384713523844076 15 228 7 209 5 215 3 211 2 217 1 244
1402 3.6013936068006562 -0.85254032897657828 2.5524993703392536 96 62 38 1.576361126510766 8 244 14 225 9 267 6 281 20 276 17 282 16 291 18 284 19 303 12 329 4 287 10 338 15 355 7 335 5 337 3 317 2 321 1 341
1405 3.4192098480167661 -1.5679559839566952 1.9928535732494668 74 52 36 0.1058361892060572 9 28 6 31 20 22 17 31 16 33
1772 3.9808416825118105 -1.9876942702382789 3.1445798370487057 18 10 5 0.95575664863155141 12 124 7 248 5 289 3 308
1407 3.4400612301153606 -1.7388049408593691 2.9462253777614666 197 147 123 0.74025380041798883 14 24 6 33 20 70 17 78 16 70 18 54 19 109 4 67 4 113 10 128
1408 3.443436430520542 -1.722202546855935 2.9323100215320981 174 121 95 0.11266844328222624 9 35 6 34 20 26 17 33 16 34 18 21 19 20 12 92 4 68 15 96 7 85 5 81 3 75 1 95
1553 3.4674176676127595 -1.5817762270657074 3.0636349685508399 171 101 84 0.10063909434142417 16 146 18 142 19 161 12 180 4 157 10 181 15 194 7 183 3 175
1411 3.5024564237816835 -1.7032825614763174 2.9707117124347873 174 116 97 0.27579062310979291 9 38 6 75 20 73 17 115 16 105 18 97 19 112 12 174 10 176 15 190 7 176 5 176 3 172 2 175 1 200
1412 3.1850006917449121 -2.3048840582070214 2.4324921117186844 161 116 91 0.66931194928590809 13 91 6 94 19 52
1557 3.4526927610181821 -1.565031957931073 3.0056061912982317 212 154 130 0.60074922733932334 6 186 18 189 12 232 4 200 10 230 15 247 7 253 5 260 3 259 2 268 1 289
1413 3.3754827355984145 -2.2283753704520368 1.9436762351966226 235 185 158 0.53026439817622717 9 122 6 95 20 51 16 3
1414 4.0856775516566497 -0.26282501962375127 2.4115822653949577 20 14 9 1.6846821249811403 6 120 20 95 17 96
1419 3.4477900589699395 -1.8093422796502137 2.9734181406546014 107 43 27 0.27832591422885372 9 133 6 140 20 144 17 146 16 188 18 186 19 213 12 226 4 196 10 225 15 240 7 246 5 255 3 256 2 261 1 285
1420 4.4270004745639362 -1.3562973068331741 3.2806861397050988 33 15 4 1.1581418399665768 9 114 6 154 20 191 17 156 20 127 16 195 18 154 19 236 12 240 4 204 4 251 10 269 15 255 15 283 7 263 5 273 3 273
1421 3.591744779492275 -0.59011745974134278 3.4105608627866681 201 155 121 0.20039607082363084 9 148 6 157 20 161
1422 2.8123450386786737 1.2846484752823679 3.4800969725542541 4 3 3 0.33296695167655044 8 145 6 167 17 169 16 173 18 172 19 192 12 204 4 184 10 209 15 220 5 210 3 204 1 233
1423 2.8123450386786737 1.2846484752823679 3.4800969725542541 4 3 3 0.33296695167655044 8 146 6 168 17 170 16 174 18 173 19 193 12 205 4 185 10 210 15 221 5 211 3 205 1 234
1424 3.5381962208998239 -1.6521273240993721 3.1233041906954222 213 144 125 0.012138020211309131 8 157 6 184
1633 4.2591393507236077 -2.6629016326224817 2.8785632534920751 139 113 90 0.22793012785366351 12 10 4 10 10 12 15 17 7 62 5 10 2 5 1 7
1427 4.3456976370914262 -0.16469664958372496 2.2415863263937079 5 4 1 0.27806572692691323 9 203 6 216 20 196 17 192 16 200
1428 4.5121899469037281 -1.5866261800434112 3.2964926131217052 255 255 255 1.6803187283154628 9 218 6 229 20 242 16 268 12 327
1637 3.4060400436087011 -2.2146419280032319 2.8906501559396913 75 57 43 0.023319240060470259 19 60 4 55 15 78
1429 3.7159684308717358 -0.82419876078028542 2.3670794419419656 255 255 255 2.137411320369766 9 220 6 230 20 230 17 247 16 214 18 214 19 285 18 255 12 317 4 277 10 324 15 356 15 369 7 336 3 328 2 335 1 356 2 341
1430 4.0060030768109938 -0.69198483139336275 3.3780605711582101 194 148 108 1.3902392706648588 8 196 9 222 6 232 20 193
1432 4.1011386138102282 -1.1121946512070886 3.2166504367508453 37 20 9 0.13755095081133553 9 240 6 253 20 265
1641 4.2592680453722647 -1.7948515138151955 3.141521410459188 84 63 48 0.44339225178702762 12 98 19 29 4 77
1435 3.039907076752991 -1.8507363607755702 2.4853406576405033 194 156 136 0.6805723425182173 27 6 20 7 18 7 12 20
1436 3.0981225718578114 -1.8044996760598022 2.5442530364667659 191 153 133 0.54056311626923503 6 18 20 8 17 66 20 59 16 62 18 45 19 9 19 65 12 79 4 60 10 65 15 83 7 73 5 72 3 69 2 78 1 88
1645 3.6927232655501219 1.2436704189520629 4.2586868019350286 84 72 59 1.1092765586861675 12 203 4 99 10 278
1437 3.4715762941958723 -1.8280948901501848 2.9995523344370714 175 119 105 0.15137315494003464 6 30 20 21 17 29 16 30 19 16 10 25 5 21
1438 3.115760035328377 -1.2562950005620026 2.1251485947522957 140 78 67 0.024331452775000855 6 109 20 34
1440 3.4744672727315855 -2.2684743072605595 2.9541769380223379 73 56 43 1.8427029588306343 6 61 20 55 17 139
1585 3.2837518776386525 -0.84016432150752318 2.4062091024652488 142 97 79 0.24043827893255307 18 112 19 131 10 150 15 159 7 141 5 142 3 139 2 102 1 118
1445 4.338876701895046 -1.2646467454921571 3.2142149569158396 94 68 45 0.29069444273472378 6 90 20 90 16 117 18 111 4 170
1748 3.5173970134756267 -2.0363693847122701 3.0278224393115685 55 35 19 0.22811936249211087 4 12 7 19 3 15
1448 4.2980435723945618 -1.4134444726086961 3.1875086514818838 77 53 33 0.43006285243747583 6 87 20 125 17 125 16 156 18 151 19 171 12 239 4 166 10 235 15 204 7 235 5 190 3 234 2 242 1 266
1593 4.3596985586422949 -0.89551555418347872 3.2846850481014629 100 69 41 0.65859541596455118 16 120 18 161 19 221 12 243 4 206 10 238 15 288 7 266 5 275
1453 4.3676929191364575 -1.3195672285452527 3.2394659383283506 96 70 48 0.62767373099754942 6 115 20 160 10 271
1756 4.184729390405229 -1.78199588055975 3.1423319426526848 5 2 0 2.0969924299942186 15 197 7 89 3 179
1459 4.2740692016497341 -1.5731531922221158 3.2141784994861813 29 14 6 0.77349743028627538 6 112 20 189
1460 3.5186275185914071 -1.915411158465949 3.023152019472044 222 154 126 0.17509584990508034 6 180 20 202 17 200
1541 2.8832757435389711 0.52253499576748241 3.6384134312382597 102 72 47 0.35345833938384258 24 47 18 38 4 46 5 54
1461 4.0090005493288423 -1.7075742986594378 3.1535479002736588 63 52 40 1.2300921445847064 20 210 17 243 16 258 18 273
1462 3.1391805589931461 -1.4700214320684746 2.1140434521084241 247 197 175 1.684700223527801 6 207 20 225 17 220
1464 4.1937041823477159 -0.93810029809770701 3.2773033781059797 30 11 2 0.5903533945985685 6 231 20 243 17 256
1545 3.218598369020309 -1.1047673110246499 2.2302554080017405 118 20 19 0.10576617029561412 16 78 18 63 19 81
1467 3.4405105508270717 -1.0514205109160359 2.7587286069058434 131 87 59 0.960710648348017 6 265 20 263 17 268 16 269 12 335 4 291 10 344 15 377
1468 3.4405105508270717 -1.0514205109160359 2.7587286069058434 131 87 59 0.960710648348017 6 266 20 264 17 269 16 270 12 336 4 292 10 345 15 378
1549 2.9505831565611813 1.0261011463332992 4.4537130902254862 201 150 114 1.2828859496825089 16 170 18 116 19 89
1469 3.2474979480269566 -1.1255430153062114 2.2561533008575667 193 89 89 1.8082904572109268 6 275 20 269 17 277 16 282 18 274 19 300 12 326 4 285 10 336 15 367 7 332 5 336 5 341 3 326 2 333 1 353
1470 3.3151065358055947 -1.0032153614783139 2.3934412812626689 224 174 149 0.93151679098191154 6 277 20 271 17 278 16 284 18 277
1472 3.1917974628527221 1.7016349732310483 2.6282804171066982 8 7 5 1.0845479160771561 24 241 13 238 11 221 9 251 6 259 20 258 44 291 41 340 38 331 40 318 36 323 37 313 39 308 31 290 28 265 23 266 21 271 22 263 24 252 13 246 11 232 14 216 8 231 9 257 6 270 17 261 17 273 16 264 16 277 18 260 19 288 12 311 4 279
1474 3.1711960893484417 -2.1603617169800327 2.6130906116075501 127 93 69 0.18937360492098881 6 10 17 4 19 2 10 10
1475 3.1711960893484417 -2.1603617169800327 2.6130906116075501 127 93 69 0.18937360492098881 6 11 17 5 19 3 10 11
1476 3.4104762096306533 -2.30654787241042 2.8477449188598376 59 40 26 0.3502632929823466 6 12 17 6 16 58 18 2 19 54 4 7 10 57 15 6 2 0 1 2
1621 4.3847706642238542 -1.2292866492547607 3.0910970529116146 27 15 7 0.20588244818821033 19 130 12 143 4 127
1477 3.4110839265530681 -2.3070302338034234 2.8477676036104347 59 40 26 0.35649509145246805 6 13 17 7 16 59 18 3 19 55 4 8 10 58 15 7 7 59 2 1 1 3
1478 3.4726146546622392 -0.90174898504690326 2.6066093376590942 141 100 73 0.3472330562219339 6 50 17 46 16 48 12 103 4 86 10 151
1483 4.3558846529874771 -1.1019999532125062 3.2204526937926943 85 60 37 0.23779490308298229 20 91 17 94 16 85 18 70 3 98
1484 4.3921479093047768 -1.093142386117723 3.2765614571957307 107 81 56 0.37057141955559719 6 51 17 95 16 86 18 71 19 136 12 193 4 131 10 195 15 211 7 192 5 193 3 188 2 244 1 270
1629 3.1983205913800337 -1.4541417898047753 2.0056867510106522 255 255 255 1.7075641243252679 19 283 12 324 4 266
1485 3.4648212527511149 -1.8479903294282172 3.0638334545016339 156 77 54 0.13916117280799217 20 108 17 107 16 138 18 133 19 153 12 170 4 148 10 171 15 187 7 172 5 171 3 165 2 171 1 195
1486 3.4648212527511149 -1.8479903294282172 3.0638334545016339 156 77 54 0.13916117280799217 20 109 17 108 16 139 18 134 19 154 12 171 4 149 10 172 15 188 7 173 5 172 3 166 2 172 1 196
1491 4.5555859288313716 -0.92269118479722423 3.3623528372567693 255 255 255 0.70616252673732405 20 131 17 163 16 163 18 196 19 264 12 307 4 255 10 299 15 344 7 337 5 319 3 329 2 322
1492 4.0217033417708494 -0.34078957147816052 2.4916874608100938 218 174 136 0.58673789274527044 20 195 17 164
1701 3.33289160994129 -1.5454055491257614 1.9644192533749383 255 255 255 1.2550773140812512 12 283 10 287 15 272 10 252
1493 3.7401822423370317 1.8095836182389744 2.2764608337255017 8 7 5 0.37886886023033023 20 173 17 174 16 177
1494 3.4451040216812525 -1.6461052442553259 1.9045826981478853 162 112 82 0.62802956082857453 20 184 17 178 16 186 18 187 19 155 12 126
1499 3.6707465874658687 -1.2683606760628028 3.001596017646722 186 137 104 1.4886191015656611 20 261 17 267 16 283 18 276 19 310
1500 3.5671060762699578 -0.63354070532433482 3.0682845506869878 179 135 97 2.2118335903576161 20 266 17 270 16 272 18 265 19 293 12 331 4 293 10 346 15 380
1709 4.3503070827249672 -2.4964844325630646 2.9801095234792179 41 25 13 0.38474988060981929 12 298 10 322 15 349 7 325 5 331 3 322 2 328 1 348
1501 2.604847848957871 1.42878148467974 3.3551279799646601 255 255 255 2.3578695411562136 20 275 17 272 16 279 12 332 10 351 15 374
1502 3.7609637666247733 -0.5251456943489029 3.2336596967032474 228 182 139 1.9745322902563018 20 273 17 280 16 287
1504 3.1847533969711219 -2.1367645838011331 2.6389178147248078 173 136 115 0.12275807008029928 17 60 16 11 7 12 1 12
1507 3.3898209933051024 -1.1066253969388526 2.1474136712303817 136 67 53 0.15793415362453747 17 122 16 80 18 65
1508 3.1810373177866955 -2.3279511567875861 2.2583927100560444 175 131 106 0.34286936914150706 17 99 16 93 18 41 19 50 12 1 4 0
1509 3.6587062308893517 -2.3049093019110649 3.0047151400749903 73 55 40 0.74179367854292388 17 140 20 57 16 96
1516 3.387212148806956 -2.2701443345050731 2.921076545720088 105 83 65 0.57777374060114717 17 61 16 132
1661 4.0411717072186644 -0.31083348060655475 2.4626679961859539 255 255 255 1.0891927188609156 12 196 18 165 4 207 10 199
1517 4.3381146480350488 -1.3236775857717464 3.1612948811027839 59 40 19 0.34567804032672639 17 155 16 158 18 153 19 173 12 189 4 168 10 191 15 206 5 140 3 136 2 143 1 117
1518 4.1393504572634434 -0.39384165749078975 2.4594230563056949 255 255 255 0.88965653637802522 20 162 16 165 18 163
1523 4.3858883874619039 -0.92822593583620472 3.3205336996802584 26 13 3 0.41224070609549085 17 162 16 198 18 194
1524 3.2013254725264217 -2.267894721270288 2.1515330526823266 240 195 168 0.45757897181239721 9 210 16 203 18 179 19 201 12 115 4 139
1605 3.1138844195174435 1.5937114027101598 2.7100817545238804 218 218 218 1.7399747379348922 16 251 18 250 27 274 29 273 21 280 13 244 11 230 14 214 8 229 9 249 6 257 6 268 17 259 20 247 19 281 12 321 10 320 4 261
1525 3.3170110995420949 -2.0545682166018095 2.8386047166021124 75 53 37 0.14043174760739502 17 198 16 204 18 201 19 225 12 246 10 243 15 264 5 251 1 278
1526 3.7057951373416991 -1.4682775376062589 3.0619491606968454 138 104 77 0.70650381160983722 20 212 16 211 18 210 19 256 4 244 15 340 7 311 5 312 3 324 2 330
1528 4.3882403511510741 -1.082856841260208 3.2394056344673907 99 72 46 0.30367439555833714 17 190 16 216 18 215 19 237 12 287 4 225 10 296 15 318 7 295 5 302 3 297 2 297 1 323
1609 3.266780408304355 -2.1679929807932461 2.75655963105421 110 85 67 0.3369012373378964 19 6 12 9 15 16 7 14 5 9 3 5 2 7 1 10
1532 3.7007209809788213 -2.07121466120438 3.0666299951963611 66 49 36 1.1132897518999776 6 242 17 241 16 254 18 262
1613 3.9088984848157113 -1.615747226507265 3.134876889781657 55 44 34 0.25642898181725171 19 31 12 49 4 31 10 79 15 101 5 88 2 91 1 100
1533 3.4651256521245029 -0.45833485614443331 3.5150640665905359 8 5 4 1.7780821620808904 17 284 16 292 18 285 19 312
1534 3.4651256521245029 -0.45833485614443331 3.5150640665905359 8 5 4 1.7780821620808904 17 285 16 293 18 286 19 313
1536 3.1410802080205658 1.5700482649941578 2.6730401105102919 255 255 255 0.89415651676026719 9 117 6 124 20 133 16 175 40 220 37 212 39 246 35 227 32 224 33 208 31 200 26 192 28 184 29 186 23 168 21 175 22 171 27 181 25 152 13 152 11 172 14 151 8 200 9 160 6 170 17 172 20 171 19 194 12 208 4 186
1537 4.3958257799690692 -1.5519672492318124 3.2693923277187547 255 255 255 0.4368566733952467 17 207 16 213 18 212 19 235
1538 3.4297529880157911 -2.2862194796053585 2.8805521166055215 94 75 59 0.22041048628555684 17 10 18 4 15 12
1543 3.4558823653907571 -1.5741047073921164 2.9796069853414555 190 121 96 0.24254476021203097 20 32 18 58 19 26 12 45 4 75 10 31
1544 4.1142750935126973 -1.7040923301761315 3.1442549979290186 23 18 14 2.1130098208581898 16 41 18 59 4 118
1546 4.3506978175454041 -1.100842018080644 3.171941198851191 62 42 21 0.17315400065196734 16 84 18 69 19 85 12 105 4 88 4 89 10 93 10 94 15 110 7 102 5 99 3 97 2 104 1 120
1551 3.5059478274708931 -1.6234746254913863 2.9922684103962065 171 110 90 0.44241125948848692 16 144 18 140 19 159 12 130 10 133 15 97 5 84
1552 3.4670365009495021 -1.5817409931061426 3.0637066667909085 171 101 84 0.10923539974227858 16 145 18 141 19 160 12 179 4 156 10 180 15 193 7 182 5 182 3 174
1554 4.4054364414080709 -1.7986924214334001 3.193321684103994 25 11 5 0.73288230987435121 16 149 18 145 19 167 12 234 4 203 10 232 15 279 7 257 5 267 3 288 2 293 1 315
1558 3.4036330762830151 -1.8907315809361944 2.9430317478848651 84 59 41 0.58544286329326733 9 173 18 204 19 228 10 248
1559 3.8654818400731097 -1.3761411624929965 3.1054314740910924 48 32 15 0.56313684135536002 16 233 18 234 19 260 12 304 4 248 10 316 15 342 7 333
1560 4.3205152963165752 -0.78066627577772296 3.366558035338135 34 16 4 0.60201385400728247 16 218 18 236 19 277 4 271 12 308
1561 4.4415788961099434 -1.3932466005781559 3.2559894174385775 41 22 9 0.63689297501266096 17 227 18 245 1 338
1562 4.4590933166232745 -1.1741951154320318 3.2882325292653865 17 7 2 0.59988674128668118 16 235 18 246 19 262 12 306 4 270 10 317 15 354 7 314 5 317 3 327 2 334 1 355
1567 3.978233151872991 -0.10144374011845358 2.3696042447768542 11 9 6 1.1766887159959356 18 267 4 273 5 152
1568 3.3017443376982727 1.1718605870133472 4.5162558446080956 255 255 255 1.4421715434941615 16 276 18 270
1570 3.3798407260301122 -1.1670270611455804 1.9905390837672003 255 255 255 1.6392420956475122 16 289 18 282
1575 3.3927599652559288 -1.6083796200226119 1.932649228250169 158 108 81 1.2762318517094133 18 52 19 19 12 41 4 22
1576 3.4929619540995258 -1.4439008714869954 2.963279697959861 171 119 99 0.28600659464960571 17 85 19 33 4 79
1578 3.9722369857784683 -0.1181449990859339 2.4411010478974879 28 17 12 1.8676709260103781 19 87 18 36 15 67
1583 3.150669151034784 -1.64080550770627 2.3154324198353913 177 143 135 0.17337373120909003 6 136 19 106 12 89 4 111 10 126 15 90 7 81
1584 4.0411360953896125 -1.4189873464071199 3.1403191173003044 102 85 66 0.96061794949089552 18 30 19 125 12 188 4 123 10 234 15 281 7 262 5 272 3 270
1586 4.4417133891961189 -1.1176329089298012 3.3052190370782366 16 10 4 0.50486327400792275 17 129 19 135 4 174
1591 3.4918925602376421 1.1688763583751682 4.4845467260543854 255 255 255 1.7646741176840104 18 170 19 191 4 181
1592 3.4972097490118421 -2.3238697822496492 2.9169819362736313 104 83 66 0.23300265725844094 18 124 19 205 12 217 4 192 10 216 15 232 7 214 5 217 3 215 2 219 1 250
1594 3.3704574506323266 1.1765579012330472 4.438570661178205 142 119 99 0.18997398169857813 18 171 19 223
1600 2.9969032396740598 0.96582165111820129 4.5043079699123529 145 108 79 1.6375235047236607 16 288 18 269 19 306
1601 3.1668903357384948 -1.4993881862587233 2.389622275454593 244 193 161 0.87779543395654169 18 281 19 307 12 341 4 298 10 353 15 387 7 356 5 349 3 346 2 349
1602 3.3050489306627981 -2.4041617308779464 2.6424463809494543 117 92 70 0.67102057771269885 9 4 6 3 20 0 19 51 16 56 18 42 12 65 10 105 7 53
1603 3.223391346410923 -2.2204820137979957 2.6590307251995791 100 70 48 0.55037732242300796 11 4 8 6 6 7 20 2 17 3 16 5 19 149 6 131 16 126 12 160 4 142 10 161 15 174 7 161 5 159 3 154 2 162 1 180
1607 3.4031228542685978 -2.2572549011830434 2.8689576679512165 86 66 51 0.42441754138374965 19 4 12 7 5 7 2 3
1610 3.4522638798004177 -2.1876169288874503 2.9289040055939011 76 58 45 0.86587981675479619 17 13 12 14 15 22 7 65 10 112 1 79
1612 3.4640435996411871 -1.7171416918720319 2.94236413857905 167 110 82 0.13655689825387393 19 21 12 42 15 42 7 29 5 26 3 31 1 44
1615 3.1620676759158659 -2.0512034951718054 2.6446989771236642 169 133 109 0.27446729154308719 19 98 12 70 10 63 15 80 7 68 5 68 3 63 2 74 1 83
1632 3.1172379553290188 1.5936911296337923 2.7098912389671521 255 255 255 1.6345355459977073 16 252 20 248 18 251 19 282 27 275 29 274 13 245 11 231 14 215 8 230 9 250 6 258 6 269 17 260 12 322 10 321 4 262
1634 3.7692609212702184 -1.5284869194926998 3.0855154794667636 66 48 26 0.094348606630091258 12 51 4 33 10 81 15 53 7 92 5 90 3 87 2 93 1 101
1639 3.6411045020682282 -2.2903205066200152 3.0017452574670997 58 39 23 0.20426131318150181 12 73 19 62 4 58 7 64 5 65
1640 3.4568293103114835 -1.6648236028642827 2.9504167171382778 124 60 37 0.62177658777229372 12 128 4 71 15 145 7 179 15 191 5 177 2 177
1642 4.3479852502577749 -1.8290285974977882 3.1236286528750155 84 63 48 0.17931182149216399 12 99 4 78 10 77 15 99 7 90 5 86 3 83 2 90 1 99
1643 3.2364701956618136 -1.2532473786152847 2.1294135937560479 234 186 159 0.28836781585275162 12 50 19 118 4 80
1647 3.7637893685757318 -1.997423211489926 3.1180324379068862 67 47 33 0.53435074636031132 12 168 4 109 15 186 10 170 5 229 2 232
1648 3.8532372661296148 -1.859242618429346 3.1525584000979241 71 55 44 0.70639697297716841 12 127 4 115 10 228 15 244 7 229
1650 4.3205410337763173 -1.1755513965086299 3.3326186507113178 35 23 7 0.9239022242596715 19 84 4 128
1655 4.30709120195894 -1.6610964056303346 3.1604133292555026 79 57 41 0.16382102451353731 12 236 4 161 10 233 15 250 7 260 5 270 3 268 2 274 1 294
1656 4.0389437081411277 -1.560693682568169 3.1396853867551946 52 41 28 0.70816806908505225 12 185 19 121 4 163 10 187 15 251 7 233 5 271 3 290
1657 4.2634154247605203 -1.5875268320983655 3.1261654426397025 12 4 1 0.80497379698842619 12 238 19 170 4 164 10 265 15 309 7 289 5 295 1 317
1662 3.6373307071915888 -2.213843943669382 3.0224533066446408 99 77 58 0.34782725474651605 19 210 4 212
1663 3.4594237931230536 -1.471685226835999 3.0059512050481749 207 143 127 0.21390757720853956 12 262 4 223 10 263 15 278 5 264 2 272
1669 4.4903787336656062 -1.0672143013930206 3.3417782870398129 255 255 255 1.9810971100544008 16 236 4 253 10 298 15 320 5 318
1670 4.3643514764276112 -2.6795333146220481 2.9605707749482209 255 255 255 0.60319023739970523 12 297 4 264 10 308 15 334 7 307 5 284
1672 3.5778729110936993 -0.57915736413351893 3.2872569662682083 216 168 126 1.5362476430571232 12 344 4 294 10 355
1675 3.2663887691708267 -2.1629050240477263 2.7437408738005216 110 85 66 1.5961799041827616 19 5 12 8 4 52 8 53 9 61 6 98 20 100 17 62 16 60 19 57 10 59 15 15 15 75 7 13 7 60 5 8 5 61 3 4 3 6 2 6 2 67 1 9 1 13
1677 3.6674504130129661 -0.10973669121671162 2.5912915339126408 172 137 107 1.8733913899192094 19 279 18 258 4 272 12 292 19 287 10 277 15 259 7 239 15 292 5 151 3 53
1678 3.2653888598648608 -2.3948614202218277 2.4747690966080782 140 110 87 0.055630765227307845 12 0 10 0 3 2
1680 3.2899999772457442 -2.2418428314837002 2.7440656273383874 102 80 61 0.14647055972990897 4 6 10 9 15 9 7 7
1683 2.8783087685490871 0.39845716498751171 3.6137944675396905 26 16 11 0.11042088395426405 12 61 10 52
1685 4.3682646583983562 -1.8193453062416427 3.102829313985505 12 3 1 0.38422121964256456 12 47 10 78 15 48 5 34 2 43 1 53
1686 4.4703899549547099 -1.1597681685905425 3.3241343419923211 28 22 11 0.42846195464597581 12 104 10 92 15 109 7 145
1692 3.4380463074599983 1.08718770017119 4.4810258716093943 255 255 255 1.6288665407308685 15 218 7 200 5 204
1693 3.5440839211154826 1.1382737221791899 4.4695698387971845 255 255 255 1.1131875319036166 12 112 10 206
1694 3.616232198405338 -2.3158789654121406 2.9912670340886161 111 89 68 0.31906593260054783 12 164 10 220 15 178 5 222
1715 3.4618391178773451 -1.6282991962856388 3.1076820945718358 188 113 95 1.8283027411357704 12 44 15 45 2 39
1717 3.9845047107564047 -1.4421072415423888 3.1479968587160996 52 39 23 0.31481186623850216 10 40 15 56 5 41 3 93 1 108 2 96
1718 4.3250910919333556 -1.5256808605156056 3.2023242314947273 79 49 22 0.31950478635685314 18 28 15 57 7 39 5 42 3 44 2 48 1 60
1722 3.4496102237083948 -2.0900675268340971 2.9617121187429021 50 32 22 0.21877771575824032 10 117 15 133 5 117 2 117
1725 3.7161663027220277 -2.3136164404061494 3.0153540192799251 103 80 60 0.66965422683579912 10 165 15 180 7 220 5 165 3 159 2 166 1 187
1726 4.292477373025827 -2.3747099013633335 3.0030984939285661 112 85 63 0.54235685201104855 10 121 15 182 7 222 5 225 3 253 2 228 1 281
1727 4.4660337078262593 -1.5505899407639041 3.2414719912341101 255 255 255 1.0590812570795383 12 187 15 203 5 236 3 182 10 90 2 241 1 212
1731 4.4507273016674862 -1.7500879061226517 3.2235575666421075 255 255 255 1.2099045573395324 16 150 15 249 7 231 3 233 1 263
1733 4.4743351308903687 -1.0474304144377529 3.3291935176808805 255 255 255 1.3305311049586381 12 242 15 256 7 193 3 238 2 245 1 271
1734 2.8657132124108018 0.27571216536502302 3.6000177090839096 212 169 127 0.42494124314594839 10 241 15 260 7 197 5 240 3 194 2 248 1 225 1 299
1739 4.0834948837835103 -2.6079815567179843 2.895964308540425 57 35 18 0.89541633883280203 10 331 15 365 7 340 5 347 3 343 2 347 1 373
1741 3.4068397699086019 1.5955912983176754 2.3091614776022746 255 255 255 2.0479395658007271 10 350 15 373 2 355
1742 3.5864719925602331 -1.2774749316476839 3.0239958725920255 181 134 104 0.37237820346723283 10 343 15 376 7 348 5 350 3 347 2 350 1 377
1747 3.4894049610199063 -2.0528314593789481 3.0021433541321989 57 38 22 0.16278938037752816 10 17 7 18 5 16 3 13
1749 3.3909219701019553 -1.8265684603325463 2.930550034628526 133 90 70 0.35289536768821028 15 34 7 23 2 19 1 28
1750 4.3660702978933887 -1.3810508310743728 3.2484162506542789 33 12 3 0.31962495781092559 4 40 7 42 5 44 3 48 2 53 1 66
1755 3.484180787444827 -1.8100047992146588 3.0969398252811362 168 90 69 0.30235991111467475 15 36 7 78 5 22 1 90
1757 3.7801812639286401 -1.4482637897972448 3.1176273329436333 49 33 16 1.0632414980887286 10 82 7 95 3 92 1 104
1758 3.9694515745195278 -1.3915259120375303 3.1495310056169381 102 86 67 0.17157904278406536 15 58 7 97 5 43 3 94 1 62 2 98
1763 4.3367507787701509 -0.96332760608810852 3.1364063949090366 82 63 40 0.32126916731135119 10 155 15 212 7 148 5 101
1765 4.4245494429499441 -2.4437616660784736 3.005367368505278 28 18 8 0.21898806462728251 15 181 7 168 5 168
1766 2.9133572613765919 0.98939453763217744 3.7352220395923683 9 5 4 0.23606070681793886 12 199 7 199 1 166
1771 4.574639084949764 -0.74907156397681174 3.4151992343631048 61 43 22 0.75507791088547593 15 290 7 237 5 197 3 242
1773 4.7767022327116244 1.4743032580977529 3.7504761348523545 255 255 255 3.1536863526750341 10 208 7 270
1774 3.9568579403976738 -2.7138331072474808 2.748217078148786 255 255 255 0.65447473976956194 15 170 7 277 5 283 3 305 2 311 1 347
1779 3.0108739372290034 1.1949657606460677 3.9150990975148017 21 19 20 1.0882756767133397 15 327 7 319 5 339
1781 3.2236809222421243 -1.2048657876398057 2.1075264596796002 255 255 255 0.56556056961050938 15 352 7 331 5 335 10 335 3 325 2 332 1 352
1782 4.2819444523653303 -1.1955723871171184 3.0207486837207966 255 255 255 1.3946814902364306 15 343 7 334 3 333 2 339 1 379
1783 4.4112294330175583 1.4204310442864181 3.7590765058744613 17 15 18 1.6320747548446863 15 330 7 338 5 346 3 339
1787 2.9912008045481766 1.0499199870390206 3.8976572223956718 215 171 136 0.46393089858506342 10 349 5 364 2 364
1789 3.479546058256469 -1.745477357441285 2.9691077541250306 85 22 8 0.4092423321113392 13 31 8 25 9 33 6 73 20 71 17 79 16 104 18 93 19 110 4 114 12 125 7 129 12 173 19 157 4 151 10 174 5 175 3 169 2 174 1 199
1790 3.171478100468919 -1.2527223202125291 2.1692579780828787 117 67 55 0.33508575868054069 25 165 24 134 13 135 11 119 14 109 8 132 9 139 6 146 20 151 17 151 18 102 19 117 12 134 4 119 7 135 10 139 15 151 5 135 3 132 2 95 1 105
1792 4.4933806139707215 -0.92364869021239193 3.3165919634939609 21 11 2 1.2830480184594306 4 92 10 95 7 194 19 181 10 196 5 194 3 102 2 194 1 163
1793 2.6028480161074272 1.4256302489384935 3.434940717525333 135 98 72 0.78309713888790222 9 120 11 103 6 127 17 57 12 154 19 145 6 173 9 163 20 177 11 133 16 183 18 178 19 198 5 112 3 113 2 114
1794 3.3285588794617329 -2.1526713300369846 2.8450082986573491 86 64 48 0.21853240146044672 15 18 5 12 3 9 2 9
1798 3.2819237189513708 -2.4030120357022655 2.6589445978501103 110 86 66 0.39313043507187923 7 54 5 56 3 0
1799 4.2394358554031406 -2.5886633272862598 2.874618270862022 48 35 18 0.35435532877148168 7 118 5 66 3 61 2 70 1 17
1800 4.2331617178816909 -2.2059843435981081 3.0712603419898055 34 18 6 0.18483291801849377 7 75 5 74 3 120
1801 3.0643780773384415 -1.3023688931890627 2.135975956878128 183 137 123 0.15596040924187227 7 91 5 87 3 85
1802 4.2318552810722636 -2.3999870240381913 2.9862353713987941 23 11 6 0.19432525291637762 7 70 5 118 1 190
1807 4.3465935017418058 -1.190322385621416 3.2509491181873171 36 17 6 0.33446057375559812 15 160 5 141 3 137 1 161
1808 4.4520728093504367 -0.76282142616665127 3.4028252860622898 88 70 59 0.37624861539564092 7 151 5 149 3 104 2 147 1 222
1810 4.0983952335936049 -1.7039288082886874 3.1048561635629728 25 18 10 1.8815358591614249 15 148 5 185 2 239
1814 4.2998671063254328 -1.7991158460737422 3.0968240759319139 4 2 1 0.52465500614062133 10 262 5 263 3 262 2 271 1 291
1815 3.333345722313378 -1.5894581554237559 1.9164584009357286 255 255 255 1.8610481189876715 7 328 5 311 3 309
1816 4.4089660785881577 -0.7760546623547635 3.1232706515633852 235 216 201 1.7791779115166422 7 315 5 320 3 298
1817 3.5871135639364202 1.169192006258958 4.3539429847137914 133 111 96 0.67625937214365728 7 351 5 354 3 351
1818 3.6325450142362516 1.1778412670644514 4.3433809166877095 133 111 96 0.78974474078339862 7 352 5 355 3 352 2 343
1820 3.1334431748640954 -1.6420868499910333 2.3524235014250241 84 61 42 0.2210095624446968 5 78 3 28 2 29
1823 4.3309678199482988 -1.0662490156581057 3.2725856246051954 109 80 53 0.20579719904828234 5 47 3 50 2 54 1 67
1824 3.7504493432363644 -2.1689966423276581 3.083846829382793 80 66 53 0.26056279522874343 7 119 15 81 3 117 2 118 1 144
1826 3.9166043542907572 -1.8174054652486475 3.1581674092123357 64 54 43 0.20833463164556787 5 83 3 124 2 87 1 151
1831 7.3099604290925857 0.82292416173061667 1.2675696513595374 126 91 61 2.2455665574573151 16 167 3 195
1832 2.9253934560459305 1.0013256450356927 3.7835147284119546 94 71 56 0.36014937941529029 5 241 3 198 2 250
1834 3.4658556570864092 1.1962643573447194 4.4674349723153917 137 115 97 0.60381111227874518 15 125 3 208 2 212
1839 4.605439350247396 1.4910711724098971 3.7448250104273737 17 14 16 0.83967487287621034 10 102 15 222 3 279
1840 2.8572750267623785 1.1083178570984511 3.9263025447039985 214 169 135 0.31990951817275404 5 325 3 302 1 326
1842 4.4196831092862503 -1.3349660696084042 3.0487414094637328 20 12 8 1.5589576919972981 5 316 3 315 2 319 1 339
1847 3.2734189139081709 1.5196750498213896 3.3147994729481498 0 0 0 0.48781677853971317 5 110 7 155
1848 4.1355136453209731 -2.6785012181146244 2.7913785187921398 43 20 8 0.43550594733373771 5 60 2 2 1 4
1850 3.8762895325414362 -1.9763085904437274 3.1490263545497443 64 54 45 0.66645755337939394 3 22 2 22 1 31 1 32
1853 4.2415885290384789 -1.9936107957743758 3.1081074973165213 8 1 0 0.073336500759099921 3 35 2 85 1 201
1856 3.5019465903718068 -1.6389818713238964 3.0484545840232764 215 155 135 0.47107142196362284 3 79 5 180 2 125 1 152
1858 3.8738750946483571 -1.5562372105881936 3.1293815968982317 35 22 12 0.26481350846639123 5 131 2 134 1 156
1860 4.3619242039535067 -0.87516434211024197 3.3440932541196418 130 98 66 0.19391147734053218 5 103 2 146 1 218
1862 3.3674878266149766 1.1798217877117192 4.5026484529625783 138 116 99 0.06075405499626553 3 148 2 153
1863 2.6673069570628645 1.3826453100981939 3.5312361946410786 255 255 255 0.17771256105069158 3 111 1 132
1864 4.2906407674744855 -1.8251645843629352 3.1846546730811949 33 16 7 0.32678767877113796 3 180 2 181 1 206
1866 3.6795675641476486 -0.65373601190668817 3.2985696431407598 188 140 101 0.1432879350149496 3 191 2 195 1 220
1868 3.4707801556324092 1.1953923929271941 4.4642883704950389 137 116 98 0.60984178158042446 3 209 2 213 1 238 15 225
1871 3.3183627564273066 1.2216460970754461 2.2492133461051127 24 20 20 0.048028562912653061 3 301 2 249
1888 3.1482390323322686 -1.608853484911374 2.3499974913233119 167 118 94 2.6169844217154803 38 70 40 71 36 57 37 54 39 52 35 43 32 99 33 101 30 37 31 48 26 102 28 98 29 82 23 71 21 75 22 75 27 32 25 65 24 61 13 69 11 52 14 52 8 19 9 25 6 29 20 65 17 28 16 28 18 17 19 17 12 39 4 20 10 28 39 53 35 44 32 100 33 49 30 109 31 108 26 103 28 99 29 83 21 76 27 80 25 69 24 63 13 70 11 23 14 53 8 20 9 72 6 69 20 19 17 74 16 29 18 18 19 18 12 38 4 19 15 39 7 28 5 25 3 32 2 35 1 48
